City,Location,Parameter,Value,Unit,Date,Latitude,Longitude
Mumbai,Station A,co,43.37,ppm,2024-01-30,13.528232,73.201734
Kolkata,Station A,no2,91.2,ppb,2024-01-30,17.437836,73.624132
Kolkata,Station B,co,61.47,ppm,2024-03-31,18.646737,84.322066
Delhi,Station C,no2,70.75,ppb,2024-03-31,25.582981,87.983848
Delhi,Station A,no2,125.6,ppb,2024-01-09,25.255584,82.577364
Mumbai,Station C,co,62.59,ppm,2024-03-30,17.883106,82.288253
Delhi,Station B,pm10,33.81,µg/m³,2024-02-20,14.170589,85.293591
Kolkata,Station C,co,71.18,ppm,2024-01-05,20.216237,80.056452
Mumbai,Station C,co,85.81,ppm,2024-02-24,23.600162,78.255727
Delhi,Station B,co,140.57,ppm,2024-03-18,17.976473,78.741538
Kolkata,Station C,co,47.43,ppm,2024-01-23,23.857544,75.429455
Bengaluru,Station A,pm25,31.08,µg/m³,2024-02-24,23.477201,81.251681
Mumbai,Station C,pm10,123.84,µg/m³,2024-01-17,21.887021,83.973338
Bengaluru,Station B,co,104.01,ppm,2024-01-12,12.517846,75.769429
Kolkata,Station D,pm25,61.69,µg/m³,2024-03-15,16.852745,85.822441
Delhi,Station D,so2,75.8,ppb,2024-01-18,14.468683,81.589284
Kolkata,Station A,co,163.27,ppm,2024-03-17,21.714744,78.300001
Chennai,Station B,pm25,87.37,µg/m³,2024-02-24,19.930075,79.458911
Kolkata,Station C,pm25,74.73,µg/m³,2024-03-30,13.522365,85.87136
Bengaluru,Station A,co,139.86,ppm,2024-02-12,12.725376,88.171256
Bengaluru,Station B,co,24.14,ppm,2024-01-04,21.734363,78.174369
Kolkata,Station B,pm25,94.81,µg/m³,2024-01-23,17.036516,82.01042
Chennai,Station B,pm25,181.31,µg/m³,2024-02-08,25.431276,82.726828
Kolkata,Station B,no2,164.82,ppb,2024-03-23,22.920598,86.923936
Delhi,Station B,co,113.43,ppm,2024-01-04,16.280544,77.416282
Chennai,Station D,so2,194.45,ppb,2024-01-18,27.209142,80.728741
Bengaluru,Station A,no2,110.16,ppb,2024-03-16,13.394471,82.424095
Delhi,Station D,co,199.44,ppm,2024-03-19,13.753338,84.759054
Delhi,Station C,so2,175.26,ppb,2024-03-04,25.359643,77.13882
Delhi,Station D,pm25,61.08,µg/m³,2024-02-06,16.621862,72.726971
Chennai,Station A,so2,30.42,ppb,2024-01-29,16.666282,87.06716
Kolkata,Station B,pm25,138.09,µg/m³,2024-02-17,17.534375,79.590571
Delhi,Station A,pm10,23.62,µg/m³,2024-03-12,15.822862,78.456436
Chennai,Station C,no2,47.14,ppb,2024-03-20,16.463474,75.106813
Delhi,Station C,no2,117.94,ppb,2024-03-17,25.886496,74.095593
Delhi,Station D,pm25,56.67,µg/m³,2024-02-17,27.469129,76.367233
Kolkata,Station B,pm25,121.89,µg/m³,2024-03-06,27.374488,83.791044
Kolkata,Station D,no2,194.5,ppb,2024-02-11,16.52129,88.389805
Kolkata,Station B,so2,195.33,ppb,2024-03-01,26.330607,86.387064
Mumbai,Station A,no2,182.77,ppb,2024-01-18,18.640242,87.104062
Bengaluru,Station D,co,127.04,ppm,2024-01-16,16.398523,81.627773
Delhi,Station C,co,98.32,ppm,2024-01-25,14.955615,77.956113
Kolkata,Station B,co,147.39,ppm,2024-02-28,16.896744,87.326672
Mumbai,Station B,pm10,195.78,µg/m³,2024-03-06,18.075709,76.878478
Mumbai,Station B,co,185.4,ppm,2024-02-29,26.053083,74.605132
Mumbai,Station C,co,62.13,ppm,2024-01-29,19.85897,85.397679
Chennai,Station B,so2,100.38,ppb,2024-02-22,26.138105,73.398019
Delhi,Station D,no2,72.83,ppb,2024-03-08,27.043118,79.431855
Chennai,Station D,pm25,131.26,µg/m³,2024-03-25,25.161173,81.196197
Mumbai,Station B,so2,24.33,ppb,2024-01-04,16.340368,82.2042
Delhi,Station A,pm10,120.88,µg/m³,2024-02-13,24.387746,83.942893
Delhi,Station C,co,172.91,ppm,2024-02-03,21.281813,86.57799
Delhi,Station B,pm10,33.17,µg/m³,2024-01-02,14.981302,73.144406
Bengaluru,Station D,pm10,74.25,µg/m³,2024-01-10,26.275241,86.580705
Kolkata,Station B,pm10,99.98,µg/m³,2024-03-01,22.775182,86.480945
Kolkata,Station B,no2,147.41,ppb,2024-02-25,13.279329,79.775612
Kolkata,Station B,no2,90.47,ppb,2024-03-02,12.757337,73.009125
Chennai,Station D,pm25,48.66,µg/m³,2024-03-10,27.493882,79.083491
Chennai,Station B,no2,58.06,ppb,2024-01-29,23.081349,74.6214
Bengaluru,Station D,so2,21.27,ppb,2024-02-24,22.463121,73.066133
Chennai,Station B,no2,95.28,ppb,2024-02-11,24.445618,73.79212
Mumbai,Station A,pm10,159.52,µg/m³,2024-02-09,13.608446,80.733023
Mumbai,Station B,so2,71.31,ppb,2024-02-28,16.246532,86.767518
Mumbai,Station D,pm10,33.99,µg/m³,2024-03-16,16.770113,87.471272
Kolkata,Station B,so2,146.01,ppb,2024-03-17,23.676891,79.068943
Kolkata,Station D,pm10,37.99,µg/m³,2024-03-04,19.880186,74.244292
Chennai,Station B,no2,184.89,ppb,2024-03-04,13.78606,83.981876
Kolkata,Station B,no2,22.71,ppb,2024-02-12,16.99744,79.449063
Kolkata,Station D,pm10,183.69,µg/m³,2024-03-11,15.495013,80.291753
Bengaluru,Station B,no2,137.75,ppb,2024-03-23,24.646092,75.539613
Kolkata,Station B,pm25,139.98,µg/m³,2024-02-08,17.357746,75.699388
Mumbai,Station A,pm10,103.93,µg/m³,2024-01-17,20.818173,88.234798
Delhi,Station C,co,146.36,ppm,2024-02-17,19.866936,74.551277
Mumbai,Station C,so2,99.81,ppb,2024-02-05,16.223958,83.703596
Mumbai,Station C,pm25,181.94,µg/m³,2024-01-05,26.91111,75.473148
Delhi,Station A,pm25,159.98,µg/m³,2024-03-28,15.834597,84.045322
Chennai,Station C,pm25,105.74,µg/m³,2024-02-29,24.437235,78.883364
Delhi,Station D,pm10,115.3,µg/m³,2024-01-30,18.327213,81.899623
Delhi,Station A,pm25,177.61,µg/m³,2024-01-02,20.935571,87.509103
Bengaluru,Station A,no2,113.91,ppb,2024-03-31,19.772724,78.998401
Kolkata,Station C,pm10,113.93,µg/m³,2024-01-08,13.441189,87.393351
Delhi,Station D,pm25,120.98,µg/m³,2024-01-23,18.940566,78.913347
Bengaluru,Station C,so2,33.72,ppb,2024-02-21,13.528302,88.413256
Kolkata,Station B,co,100.52,ppm,2024-01-18,19.128767,86.565326
Bengaluru,Station C,pm10,22.99,µg/m³,2024-03-22,14.721988,80.079544
Delhi,Station B,no2,146.31,ppb,2024-02-04,20.652756,78.841102
Mumbai,Station C,pm10,107.22,µg/m³,2024-03-26,24.298504,88.184551
Delhi,Station B,no2,143.07,ppb,2024-03-04,20.697539,75.995283
Delhi,Station B,pm25,56.16,µg/m³,2024-01-05,20.332052,87.615326
Kolkata,Station C,pm10,143.17,µg/m³,2024-02-14,25.539955,75.938205
Delhi,Station D,pm25,87.11,µg/m³,2024-03-11,16.655398,78.51911
Chennai,Station B,pm10,143.51,µg/m³,2024-03-22,16.939529,88.230594
Bengaluru,Station B,pm25,81.67,µg/m³,2024-01-10,18.877828,80.219149
Chennai,Station B,so2,89.58,ppb,2024-03-24,25.759136,82.37229
Kolkata,Station D,pm10,89.26,µg/m³,2024-03-29,21.936283,76.944586
Chennai,Station A,pm10,82.15,µg/m³,2024-03-23,18.983272,88.375473
Mumbai,Station B,no2,135.31,ppb,2024-01-01,23.745509,75.465315
Delhi,Station D,co,126.66,ppm,2024-03-01,21.152332,73.307252
Chennai,Station D,pm25,163.35,µg/m³,2024-02-04,21.111833,84.215512
Bengaluru,Station B,pm10,156.45,µg/m³,2024-03-24,18.878306,87.729908
Delhi,Station A,no2,80.89,ppb,2024-02-29,13.912442,87.073116
Delhi,Station C,pm10,117.98,µg/m³,2024-02-12,17.883374,72.742887
Mumbai,Station C,co,189.79,ppm,2024-01-30,12.745747,78.150768
Kolkata,Station D,no2,21.79,ppb,2024-03-13,22.777025,78.401789
Kolkata,Station B,pm25,161.6,µg/m³,2024-01-20,17.839428,78.942817
Delhi,Station D,no2,139.52,ppb,2024-02-13,13.829842,88.109606
Delhi,Station C,pm10,123.65,µg/m³,2024-02-22,15.467082,81.961747
Kolkata,Station A,no2,54.94,ppb,2024-01-15,18.432687,86.364366
Mumbai,Station B,no2,123.64,ppb,2024-01-23,28.067507,75.673938
Delhi,Station C,co,48.09,ppm,2024-02-02,18.965561,84.36508
Kolkata,Station A,pm25,70.3,µg/m³,2024-01-16,16.477657,72.70418
Bengaluru,Station A,pm10,27.06,µg/m³,2024-02-28,23.457177,80.59686
Kolkata,Station B,so2,45.7,ppb,2024-02-14,15.710924,86.252007
Chennai,Station B,pm10,133.95,µg/m³,2024-01-19,15.832861,75.099726
Bengaluru,Station D,pm25,133.02,µg/m³,2024-03-25,21.660848,84.062923
Chennai,Station A,pm10,198.61,µg/m³,2024-02-08,27.46938,77.806893
Bengaluru,Station D,pm10,179.26,µg/m³,2024-03-15,12.629139,85.680173
Delhi,Station B,so2,160.48,ppb,2024-03-16,24.567392,85.514502
Delhi,Station D,co,56.4,ppm,2024-02-21,22.932384,80.850509
Delhi,Station A,pm25,39.78,µg/m³,2024-02-13,19.754025,83.947355
Delhi,Station B,no2,28.49,ppb,2024-02-29,13.217711,76.5632
Chennai,Station A,co,42.86,ppm,2024-01-19,18.444393,77.718415
Delhi,Station C,no2,183.25,ppb,2024-02-26,25.740514,77.573226
Mumbai,Station C,pm10,101.83,µg/m³,2024-03-26,13.855093,72.768434
Chennai,Station B,so2,189.66,ppb,2024-03-25,28.338133,74.851388
Delhi,Station B,pm25,177.42,µg/m³,2024-02-07,20.795467,82.137136
Chennai,Station C,pm25,163.45,µg/m³,2024-03-20,27.697043,72.716535
Delhi,Station A,co,44.16,ppm,2024-03-28,26.20599,73.772968
Chennai,Station D,so2,195.32,ppb,2024-03-17,23.132749,82.521035
Kolkata,Station B,so2,28.99,ppb,2024-03-21,13.72979,87.154963
Delhi,Station C,co,168.5,ppm,2024-02-12,17.88645,80.916139
Mumbai,Station C,no2,103.21,ppb,2024-03-05,23.796467,85.959686
Bengaluru,Station B,no2,49.88,ppb,2024-01-19,21.276346,87.044928
Kolkata,Station C,pm25,164.7,µg/m³,2024-02-02,19.684154,73.907841
Bengaluru,Station B,pm25,140.74,µg/m³,2024-02-03,23.628247,79.803928
Delhi,Station C,pm10,196.36,µg/m³,2024-02-25,12.70733,73.747802
Mumbai,Station C,pm10,57.02,µg/m³,2024-03-14,17.92077,73.899487
Delhi,Station D,pm25,183.48,µg/m³,2024-02-23,18.132436,88.031486
Bengaluru,Station A,pm10,155.03,µg/m³,2024-03-23,13.305196,80.239484
Kolkata,Station D,no2,44.61,ppb,2024-03-22,16.276163,88.128762
Delhi,Station B,so2,186.98,ppb,2024-02-29,28.431325,87.051336
Mumbai,Station D,pm25,189.68,µg/m³,2024-02-13,27.050269,74.464501
Chennai,Station B,pm10,71.58,µg/m³,2024-01-10,14.9017,82.555616
Kolkata,Station A,pm25,138.45,µg/m³,2024-03-14,13.972864,74.732977
Bengaluru,Station A,co,61.38,ppm,2024-02-24,16.500137,82.873925
Chennai,Station B,no2,80.45,ppb,2024-02-25,19.407161,78.533806
Delhi,Station D,pm25,39.09,µg/m³,2024-03-25,15.151163,85.376958
Mumbai,Station C,pm25,83.29,µg/m³,2024-01-11,24.634409,80.247796
Kolkata,Station A,no2,117.73,ppb,2024-01-01,13.733647,86.526448
Mumbai,Station D,no2,146.12,ppb,2024-03-14,19.69502,80.272318
Bengaluru,Station A,no2,110.87,ppb,2024-02-06,20.375868,81.573378
Mumbai,Station D,no2,109.82,ppb,2024-03-17,13.690517,76.943532
Chennai,Station B,co,140.77,ppm,2024-01-24,12.591324,87.083336
Kolkata,Station B,pm10,156.85,µg/m³,2024-01-26,24.437103,83.568558
Chennai,Station B,co,128.09,ppm,2024-01-06,13.292509,86.27801
Chennai,Station B,so2,151.88,ppb,2024-01-30,26.861967,79.843214
Chennai,Station D,pm10,45.19,µg/m³,2024-01-12,25.946413,82.919852
Chennai,Station C,pm25,88.51,µg/m³,2024-03-23,22.643489,78.633151
Delhi,Station D,co,152.33,ppm,2024-01-09,16.486833,77.006305
Chennai,Station D,co,187.38,ppm,2024-01-22,18.350571,81.11513
Chennai,Station D,pm10,34.37,µg/m³,2024-01-31,18.717115,77.382426
Kolkata,Station C,pm25,110.12,µg/m³,2024-03-06,24.477436,87.16868
Kolkata,Station A,no2,68.38,ppb,2024-01-02,26.23564,82.403097
Mumbai,Station C,co,140.23,ppm,2024-02-15,26.594991,76.11884
Bengaluru,Station B,co,65.29,ppm,2024-01-22,15.885722,79.924117
Mumbai,Station B,co,175.85,ppm,2024-01-31,28.420376,84.46987
Kolkata,Station B,pm10,87.2,µg/m³,2024-03-11,18.652281,76.12001
Delhi,Station A,so2,101.22,ppb,2024-01-05,22.209671,85.034705
Chennai,Station A,no2,154.74,ppb,2024-03-21,18.044668,76.027001
Kolkata,Station A,pm25,43.84,µg/m³,2024-03-02,17.826105,74.368577
Chennai,Station C,pm10,25.92,µg/m³,2024-02-18,15.681385,81.282389
Kolkata,Station A,pm25,111.1,µg/m³,2024-02-26,20.515422,82.374507
Bengaluru,Station B,pm25,31.11,µg/m³,2024-01-17,13.167515,78.005895
Bengaluru,Station C,pm25,81.25,µg/m³,2024-03-09,28.242737,85.195915
Mumbai,Station A,no2,32.12,ppb,2024-01-25,22.537623,77.507453
Bengaluru,Station C,pm10,189.37,µg/m³,2024-01-29,14.790211,80.677815
Chennai,Station C,no2,198.46,ppb,2024-01-03,22.505415,82.177275
Delhi,Station C,pm25,23.5,µg/m³,2024-01-19,20.242492,86.547659
Mumbai,Station D,co,172.11,ppm,2024-01-08,15.20187,88.050138
Delhi,Station D,pm10,27.66,µg/m³,2024-02-07,19.681175,84.065048
Bengaluru,Station A,so2,88.27,ppb,2024-01-15,14.221347,81.957633
Mumbai,Station B,so2,92.98,ppb,2024-03-26,15.346183,80.392436
Mumbai,Station A,so2,136.31,ppb,2024-03-24,23.835131,75.938596
Bengaluru,Station A,co,82.4,ppm,2024-01-04,17.771538,81.412023
Delhi,Station A,so2,169.09,ppb,2024-02-26,14.94892,86.935226
Bengaluru,Station B,pm25,35.34,µg/m³,2024-03-21,16.335929,80.92041
Bengaluru,Station B,so2,128.86,ppb,2024-03-22,25.196286,87.218359
Mumbai,Station C,pm10,181.23,µg/m³,2024-02-20,16.613414,74.251734
Bengaluru,Station D,no2,134.85,ppb,2024-03-14,22.70368,87.644145
Kolkata,Station B,no2,123.86,ppb,2024-02-10,24.017704,87.229463
Mumbai,Station D,pm25,99.51,µg/m³,2024-02-08,20.686483,85.265138
Chennai,Station A,pm25,94.56,µg/m³,2024-03-05,21.258114,87.428632
Chennai,Station A,pm25,179.67,µg/m³,2024-02-08,19.266844,75.086198
Mumbai,Station D,no2,79.32,ppb,2024-03-12,17.283437,85.754577
Delhi,Station C,pm10,122.18,µg/m³,2024-01-14,28.343453,73.219715
Chennai,Station C,co,84.54,ppm,2024-02-24,27.363806,85.059572
Kolkata,Station A,no2,187.49,ppb,2024-02-04,12.833502,73.378867
Kolkata,Station B,pm25,173.7,µg/m³,2024-03-29,24.384097,80.435419
Mumbai,Station B,pm10,193.19,µg/m³,2024-03-22,21.936295,72.561111
Delhi,Station C,pm25,52.13,µg/m³,2024-01-09,26.885847,86.139298
Kolkata,Station A,pm25,82.28,µg/m³,2024-02-25,26.771171,85.516755
Kolkata,Station A,pm10,45.52,µg/m³,2024-01-23,25.541142,73.992268
Bengaluru,Station D,pm25,100.76,µg/m³,2024-01-05,22.20285,84.616193
Chennai,Station B,co,29.29,ppm,2024-01-24,19.42185,85.233883
Delhi,Station C,so2,192.61,ppb,2024-03-28,15.479236,78.885738
Kolkata,Station C,co,156.74,ppm,2024-03-09,14.969014,74.434092
Delhi,Station B,pm25,47.91,µg/m³,2024-02-02,26.40743,80.052869
Mumbai,Station B,so2,186.93,ppb,2024-01-02,21.222588,77.384715
Mumbai,Station C,so2,92.06,ppb,2024-01-29,22.302861,75.447834
Delhi,Station A,pm25,162.89,µg/m³,2024-02-28,18.246667,86.126267
Chennai,Station B,pm10,156.19,µg/m³,2024-02-22,16.068068,86.054674
Bengaluru,Station C,pm10,110.57,µg/m³,2024-01-27,13.207035,87.053004
Kolkata,Station B,pm10,69.1,µg/m³,2024-01-13,17.975856,83.731073
Bengaluru,Station C,no2,21.78,ppb,2024-03-27,12.646161,79.419588
Mumbai,Station A,pm10,163.59,µg/m³,2024-01-23,12.616162,85.101787
Delhi,Station B,co,143.96,ppm,2024-01-10,15.925142,73.625709
Kolkata,Station A,pm10,112.01,µg/m³,2024-01-04,22.616926,80.626314
Mumbai,Station D,pm25,74.74,µg/m³,2024-03-31,24.34963,78.649106
Bengaluru,Station D,so2,113.34,ppb,2024-03-31,22.681861,74.304394
Delhi,Station D,co,35.83,ppm,2024-01-24,25.417168,73.087262
Mumbai,Station B,co,166.79,ppm,2024-03-16,24.480484,74.903502
Delhi,Station C,no2,92.15,ppb,2024-01-17,18.798995,86.619029
Bengaluru,Station C,so2,119.82,ppb,2024-01-20,13.024888,75.706337
Bengaluru,Station A,so2,187.66,ppb,2024-03-26,26.478677,82.714468
Chennai,Station C,co,24.48,ppm,2024-03-27,21.697478,76.999119
Bengaluru,Station D,so2,155.62,ppb,2024-01-28,17.400994,82.050082
Bengaluru,Station A,pm10,147.6,µg/m³,2024-03-01,16.294712,74.89001
Delhi,Station A,pm10,163.64,µg/m³,2024-03-30,16.711349,80.291202
Bengaluru,Station B,no2,169.26,ppb,2024-02-08,14.164955,87.20992
Bengaluru,Station B,pm10,193.17,µg/m³,2024-02-20,24.103288,83.833199
Bengaluru,Station B,no2,53.44,ppb,2024-03-14,25.233977,73.646134
Bengaluru,Station A,co,142.84,ppm,2024-03-28,15.884337,81.26473
Mumbai,Station B,pm10,82.16,µg/m³,2024-02-22,19.065154,76.745225
Bengaluru,Station C,co,173.81,ppm,2024-03-26,14.765204,83.322825
Bengaluru,Station B,co,190.97,ppm,2024-01-30,13.307812,75.850535
Delhi,Station D,pm25,44.08,µg/m³,2024-02-02,23.383008,82.981757
Chennai,Station D,co,28.1,ppm,2024-03-20,26.323916,82.173062
Chennai,Station B,co,40.95,ppm,2024-01-29,22.921116,84.496806
Mumbai,Station A,no2,56.8,ppb,2024-03-09,13.388568,86.483674
Bengaluru,Station D,pm10,188.11,µg/m³,2024-01-11,19.247443,81.565963
Kolkata,Station D,no2,85.35,ppb,2024-02-12,19.143866,80.949194
Mumbai,Station A,co,137.19,ppm,2024-02-22,15.541576,80.2332
Chennai,Station B,pm10,78.41,µg/m³,2024-01-28,14.520843,78.754481
Chennai,Station C,so2,112.69,ppb,2024-03-25,15.874131,84.316401
Bengaluru,Station A,so2,120.05,ppb,2024-03-14,28.216523,75.1036
Bengaluru,Station B,pm10,114.31,µg/m³,2024-01-24,17.429307,77.623342
Chennai,Station B,pm10,46.52,µg/m³,2024-03-02,14.230443,82.198754
Mumbai,Station B,so2,128.22,ppb,2024-02-04,16.833818,73.787798
Kolkata,Station B,pm10,118.86,µg/m³,2024-03-25,19.278464,82.594312
Delhi,Station A,co,187.26,ppm,2024-01-13,19.740881,82.89086
Bengaluru,Station B,pm10,73.61,µg/m³,2024-01-29,19.494221,87.722411
Bengaluru,Station A,no2,51.89,ppb,2024-01-16,17.734536,77.749753
Mumbai,Station B,pm25,168.74,µg/m³,2024-01-05,12.64848,84.297192
Delhi,Station D,pm25,63.0,µg/m³,2024-03-31,15.077566,82.022837
Delhi,Station B,co,67.75,ppm,2024-01-14,18.793828,79.642585
Bengaluru,Station C,pm10,151.96,µg/m³,2024-03-02,19.882069,85.511562
Mumbai,Station B,so2,190.14,ppb,2024-02-19,27.822146,75.719677
Kolkata,Station D,pm10,35.4,µg/m³,2024-02-20,14.766802,77.238115
Delhi,Station B,no2,52.33,ppb,2024-01-11,25.864414,74.776765
Bengaluru,Station C,co,56.24,ppm,2024-01-06,16.614822,85.599792
Bengaluru,Station C,pm25,69.28,µg/m³,2024-02-16,21.691292,83.269078
Chennai,Station B,pm25,31.94,µg/m³,2024-02-10,27.581931,80.64943
Mumbai,Station C,no2,60.26,ppb,2024-02-28,12.605996,75.487341
Delhi,Station A,pm10,182.41,µg/m³,2024-01-28,20.102467,77.810993
Mumbai,Station A,co,73.99,ppm,2024-02-25,13.20397,81.776487
Bengaluru,Station A,pm25,196.17,µg/m³,2024-01-10,20.669779,80.732953
Delhi,Station A,pm25,198.44,µg/m³,2024-02-16,21.097338,80.213624
Kolkata,Station C,pm10,112.09,µg/m³,2024-02-29,25.560845,77.309822
Bengaluru,Station C,co,189.43,ppm,2024-02-04,16.969671,83.732139
Delhi,Station B,no2,94.55,ppb,2024-01-26,24.48443,81.498477
Kolkata,Station B,so2,20.64,ppb,2024-03-16,16.244278,75.728818
Kolkata,Station C,so2,41.89,ppb,2024-01-22,13.20225,72.846703
Mumbai,Station A,co,108.84,ppm,2024-03-05,22.598955,76.416643
Kolkata,Station C,co,73.68,ppm,2024-02-23,25.746622,79.366626
Delhi,Station B,no2,130.52,ppb,2024-02-22,22.131932,74.771704
Delhi,Station C,pm25,103.78,µg/m³,2024-03-26,14.780949,80.089276
Chennai,Station A,no2,24.08,ppb,2024-01-20,21.165602,75.01121
Chennai,Station B,co,141.07,ppm,2024-02-09,13.526752,86.711719
Delhi,Station D,pm10,34.56,µg/m³,2024-01-31,25.210764,80.520114
Chennai,Station C,no2,198.86,ppb,2024-02-19,14.645074,78.758288
Kolkata,Station C,pm10,148.21,µg/m³,2024-01-27,16.421857,74.649472
Delhi,Station B,no2,193.48,ppb,2024-02-23,16.596466,80.483848
Delhi,Station A,co,161.67,ppm,2024-01-24,20.237623,83.19691
Kolkata,Station B,pm10,148.91,µg/m³,2024-02-12,18.12344,76.456994
Delhi,Station A,pm25,150.67,µg/m³,2024-02-02,23.585424,75.199177
Bengaluru,Station A,co,133.04,ppm,2024-03-19,16.701235,78.352867
Bengaluru,Station C,so2,86.89,ppb,2024-02-18,14.595677,88.164669
Bengaluru,Station D,co,146.76,ppm,2024-03-28,26.259497,74.713997
Delhi,Station D,pm25,111.69,µg/m³,2024-01-12,13.176677,85.458263
Chennai,Station B,no2,71.38,ppb,2024-02-28,16.444043,87.846079
Bengaluru,Station C,co,157.12,ppm,2024-01-13,19.193222,77.548664
Chennai,Station B,co,168.64,ppm,2024-01-31,21.345847,87.568839
Kolkata,Station C,pm25,155.11,µg/m³,2024-03-21,13.366093,77.34884
Delhi,Station D,co,43.08,ppm,2024-01-16,19.965644,77.357544
Delhi,Station A,pm10,81.24,µg/m³,2024-01-31,20.686587,88.069432
Chennai,Station C,no2,98.61,ppb,2024-02-03,19.213596,82.084918
Chennai,Station A,pm10,105.23,µg/m³,2024-02-29,23.307503,81.20491
Bengaluru,Station C,pm10,55.22,µg/m³,2024-03-18,27.108546,74.915777
Mumbai,Station B,so2,60.31,ppb,2024-02-26,25.38596,86.191572
Chennai,Station B,pm10,155.06,µg/m³,2024-02-16,20.504516,83.9288
Chennai,Station A,so2,169.92,ppb,2024-01-29,19.764813,83.648153
Chennai,Station B,no2,160.27,ppb,2024-01-17,17.98128,85.109763
Chennai,Station C,no2,97.83,ppb,2024-03-03,14.668402,74.363876
Delhi,Station D,so2,88.25,ppb,2024-03-16,15.648849,86.663482
Mumbai,Station C,so2,158.0,ppb,2024-03-08,14.774274,73.723403
Bengaluru,Station B,pm10,183.64,µg/m³,2024-03-28,22.09071,87.955612
Delhi,Station B,pm25,187.05,µg/m³,2024-03-27,15.29148,75.311235
Chennai,Station C,no2,177.98,ppb,2024-02-05,15.022484,82.115817
Chennai,Station A,co,87.91,ppm,2024-01-04,26.005993,76.346725
Delhi,Station D,pm10,168.21,µg/m³,2024-01-11,18.593924,88.345103
Kolkata,Station B,pm25,134.22,µg/m³,2024-02-13,12.795474,85.340351
Mumbai,Station D,pm10,34.88,µg/m³,2024-02-29,23.647447,73.545429
Chennai,Station A,so2,138.14,ppb,2024-02-03,18.537563,82.174778
Mumbai,Station C,so2,144.99,ppb,2024-02-09,23.93307,85.923281
Kolkata,Station B,so2,101.64,ppb,2024-02-29,28.259307,86.152854
Kolkata,Station B,no2,152.98,ppb,2024-01-28,22.573875,74.343653
Chennai,Station A,pm25,168.5,µg/m³,2024-02-10,21.326726,85.503576
Chennai,Station A,no2,186.84,ppb,2024-03-10,20.092893,78.867582
Kolkata,Station C,so2,66.3,ppb,2024-02-18,27.472544,87.55089
Kolkata,Station C,so2,155.37,ppb,2024-03-02,21.039502,74.949328
Bengaluru,Station B,pm25,119.19,µg/m³,2024-03-29,16.411074,85.886173
Chennai,Station B,so2,53.72,ppb,2024-03-18,28.414072,82.024079
Bengaluru,Station B,pm25,129.5,µg/m³,2024-03-31,18.686213,86.92178
Kolkata,Station C,pm10,30.43,µg/m³,2024-03-08,25.505645,85.92947
Bengaluru,Station D,so2,184.57,ppb,2024-02-23,14.816129,79.313572
Chennai,Station D,pm10,185.49,µg/m³,2024-01-16,20.84296,87.472683
Delhi,Station C,pm25,178.51,µg/m³,2024-01-14,17.980773,72.710547
Delhi,Station D,pm10,185.99,µg/m³,2024-03-05,19.178187,74.407354
Mumbai,Station B,no2,184.69,ppb,2024-02-20,17.340539,83.992894
Bengaluru,Station C,pm25,137.78,µg/m³,2024-02-06,24.194833,76.470721
Delhi,Station C,pm10,173.86,µg/m³,2024-02-10,24.130371,86.285296
Mumbai,Station B,no2,30.04,ppb,2024-03-28,24.803643,82.730357
Mumbai,Station D,no2,32.96,ppb,2024-02-15,15.507898,88.033554
Chennai,Station C,pm10,191.08,µg/m³,2024-02-03,17.745115,84.039875
Chennai,Station B,pm25,69.98,µg/m³,2024-02-24,21.197699,72.74235
Chennai,Station B,pm25,47.16,µg/m³,2024-03-27,14.283757,87.123946
Delhi,Station C,pm25,182.43,µg/m³,2024-01-02,27.775632,76.420953
Bengaluru,Station A,pm25,68.7,µg/m³,2024-01-08,16.509789,81.085254
Chennai,Station A,pm10,153.25,µg/m³,2024-03-18,22.27658,87.549787
Chennai,Station D,pm25,159.95,µg/m³,2024-03-13,13.695379,85.22896
Mumbai,Station C,pm10,133.1,µg/m³,2024-01-31,15.994215,87.886195
Bengaluru,Station A,so2,100.14,ppb,2024-02-23,18.548152,76.110397
Kolkata,Station B,pm10,69.97,µg/m³,2024-03-29,16.770964,82.991501
Mumbai,Station C,pm25,165.79,µg/m³,2024-02-26,12.597897,76.403182
Delhi,Station B,so2,26.55,ppb,2024-01-24,17.376139,81.791567
Mumbai,Station C,no2,175.11,ppb,2024-02-22,27.051172,78.764618
Mumbai,Station A,no2,189.94,ppb,2024-01-04,18.608974,72.866109
Chennai,Station D,so2,21.83,ppb,2024-02-15,14.075517,87.107169
Delhi,Station A,pm10,143.76,µg/m³,2024-03-15,14.473328,76.283966
Bengaluru,Station B,so2,47.73,ppb,2024-03-20,14.105559,78.226032
Mumbai,Station B,pm25,117.74,µg/m³,2024-01-13,17.177226,87.561743
Delhi,Station A,pm10,165.97,µg/m³,2024-02-16,28.213154,80.634092
Bengaluru,Station B,pm10,68.7,µg/m³,2024-01-29,18.904585,85.558163
Mumbai,Station A,pm25,161.87,µg/m³,2024-02-21,13.738043,74.339799
Delhi,Station D,co,114.36,ppm,2024-03-24,25.28478,74.291338
Delhi,Station A,no2,143.54,ppb,2024-01-27,25.329584,75.811642
Delhi,Station B,pm25,23.46,µg/m³,2024-03-30,13.453549,83.597666
Chennai,Station D,pm10,96.27,µg/m³,2024-01-28,18.669422,72.874672
Mumbai,Station A,pm10,151.47,µg/m³,2024-03-05,23.095748,76.823085
Mumbai,Station A,so2,118.6,ppb,2024-03-13,22.906747,79.769576
Mumbai,Station A,so2,26.96,ppb,2024-02-25,13.526699,73.170374
Delhi,Station D,pm10,29.72,µg/m³,2024-01-28,14.273153,81.658228
Mumbai,Station A,pm25,55.45,µg/m³,2024-01-01,25.666603,74.374666
Bengaluru,Station B,pm25,138.89,µg/m³,2024-02-05,19.241961,83.038291
Bengaluru,Station D,pm10,29.59,µg/m³,2024-03-14,17.567306,75.006445
Mumbai,Station D,no2,105.9,ppb,2024-02-06,25.228276,81.183027
Kolkata,Station D,co,23.37,ppm,2024-02-26,28.136133,83.757621
Kolkata,Station B,co,105.54,ppm,2024-02-27,13.157775,82.033919
Mumbai,Station D,so2,92.74,ppb,2024-03-03,18.938783,75.251446
Bengaluru,Station B,no2,85.23,ppb,2024-02-10,19.397104,76.734795
Chennai,Station B,co,82.6,ppm,2024-02-05,15.679072,80.522285
Chennai,Station A,pm25,78.76,µg/m³,2024-02-17,18.575049,73.452674
Mumbai,Station D,pm25,53.23,µg/m³,2024-01-08,26.602463,76.210324
Bengaluru,Station B,pm25,60.03,µg/m³,2024-02-19,14.367689,87.872623
Kolkata,Station D,so2,113.54,ppb,2024-03-12,19.728905,77.262685
Mumbai,Station B,pm25,44.0,µg/m³,2024-03-06,19.664522,84.014804
Bengaluru,Station A,no2,87.18,ppb,2024-03-30,20.299088,86.75993
Bengaluru,Station A,pm10,53.98,µg/m³,2024-01-10,18.187039,87.577187
Delhi,Station C,pm25,40.13,µg/m³,2024-03-28,23.054565,80.929423
Bengaluru,Station B,co,191.67,ppm,2024-02-02,16.595724,83.129544
Kolkata,Station D,no2,170.24,ppb,2024-03-23,14.585405,86.612924
Delhi,Station A,pm10,168.61,µg/m³,2024-03-08,19.348008,83.312113
Kolkata,Station D,no2,199.9,ppb,2024-02-08,20.116354,82.474321
Mumbai,Station C,pm10,69.97,µg/m³,2024-03-16,19.501925,86.201446
Chennai,Station B,pm10,152.25,µg/m³,2024-02-18,23.97793,87.094895
Chennai,Station A,co,47.3,ppm,2024-03-26,12.745797,76.371572
Bengaluru,Station A,pm25,151.35,µg/m³,2024-03-01,15.896736,84.326128
Delhi,Station A,pm10,71.49,µg/m³,2024-02-11,13.095355,83.417022
Kolkata,Station C,so2,196.42,ppb,2024-03-01,22.526821,79.088765
Delhi,Station A,no2,170.3,ppb,2024-02-15,27.563469,76.493237
Bengaluru,Station B,no2,187.24,ppb,2024-01-11,15.274208,81.103748
Chennai,Station C,co,198.88,ppm,2024-01-06,16.000867,76.205928
Chennai,Station C,co,108.36,ppm,2024-03-02,19.011109,82.996484
Delhi,Station D,pm10,156.2,µg/m³,2024-01-17,14.567697,72.72026
Bengaluru,Station B,pm10,186.43,µg/m³,2024-01-07,20.302885,80.828164
Chennai,Station A,pm25,149.02,µg/m³,2024-02-23,15.425459,76.642751
Delhi,Station A,pm25,82.83,µg/m³,2024-02-29,22.070849,84.639832
Kolkata,Station A,no2,128.75,ppb,2024-03-12,24.343092,81.421442
Mumbai,Station A,so2,160.55,ppb,2024-01-10,25.764939,79.2034
Bengaluru,Station B,co,167.3,ppm,2024-03-14,16.468397,85.580258
Mumbai,Station A,so2,147.89,ppb,2024-03-08,20.30554,77.825761
Delhi,Station B,so2,138.02,ppb,2024-02-03,13.585622,87.239042
Mumbai,Station A,pm10,162.66,µg/m³,2024-01-29,21.487113,82.938128
Bengaluru,Station A,co,180.0,ppm,2024-03-20,23.14,79.014408
Mumbai,Station D,pm10,189.83,µg/m³,2024-02-09,27.348609,83.35113
Bengaluru,Station C,pm25,29.89,µg/m³,2024-02-04,15.972254,88.23381
Kolkata,Station C,pm25,42.06,µg/m³,2024-03-07,27.169564,76.443357
Chennai,Station A,no2,114.24,ppb,2024-03-30,23.910311,81.442695
Mumbai,Station C,pm25,43.02,µg/m³,2024-02-22,20.137306,81.02221
Bengaluru,Station B,co,168.28,ppm,2024-01-17,25.76022,87.46856
Mumbai,Station B,co,147.43,ppm,2024-01-16,21.803289,73.512441
Bengaluru,Station C,no2,71.27,ppb,2024-02-24,26.84539,78.462121
Kolkata,Station A,pm10,145.19,µg/m³,2024-01-02,15.258575,82.060286
Bengaluru,Station A,no2,178.64,ppb,2024-03-02,17.251695,87.736867
Mumbai,Station B,so2,93.11,ppb,2024-01-18,15.88779,84.080503
Bengaluru,Station C,co,91.21,ppm,2024-02-12,16.553324,79.018357
Delhi,Station B,co,22.43,ppm,2024-02-28,26.517955,80.790977
Delhi,Station C,pm25,39.5,µg/m³,2024-03-15,24.639086,83.814949
Delhi,Station A,no2,36.29,ppb,2024-03-22,19.370988,79.930959
Bengaluru,Station C,pm10,88.5,µg/m³,2024-03-06,27.762076,83.622303
Kolkata,Station B,pm25,55.22,µg/m³,2024-02-09,27.961,77.474262
Kolkata,Station B,pm25,145.63,µg/m³,2024-03-18,14.691458,78.667857
Mumbai,Station A,no2,149.13,ppb,2024-03-25,13.965143,80.370919
Chennai,Station D,no2,100.54,ppb,2024-03-28,26.654533,73.761884
Delhi,Station A,pm25,80.67,µg/m³,2024-02-26,26.505968,82.442817
Kolkata,Station B,pm10,70.13,µg/m³,2024-01-28,14.105981,84.282222
Kolkata,Station C,so2,69.34,ppb,2024-01-01,20.439953,73.06834
Bengaluru,Station C,no2,40.81,ppb,2024-02-13,27.189261,86.087045
Chennai,Station D,co,42.58,ppm,2024-01-28,15.267511,81.398913
Delhi,Station A,co,196.0,ppm,2024-01-03,22.51017,75.53665
Mumbai,Station D,co,177.21,ppm,2024-03-18,12.792779,79.000513
Chennai,Station D,pm10,179.83,µg/m³,2024-03-30,24.198646,76.779164
Chennai,Station B,so2,165.48,ppb,2024-01-09,18.854825,75.007024
Mumbai,Station B,so2,114.5,ppb,2024-01-01,17.620807,79.075426
Kolkata,Station C,pm25,65.62,µg/m³,2024-02-27,14.489831,81.401382
Mumbai,Station B,so2,141.89,ppb,2024-02-09,18.992559,81.510899
Mumbai,Station B,pm25,181.02,µg/m³,2024-01-29,20.339229,77.792712
Delhi,Station A,no2,40.01,ppb,2024-02-29,21.569766,87.633794
Mumbai,Station C,co,129.48,ppm,2024-02-12,26.111301,79.844243
Kolkata,Station D,pm10,109.7,µg/m³,2024-03-15,20.820691,78.226198
Delhi,Station C,so2,67.33,ppb,2024-01-10,13.020093,82.358911
Kolkata,Station D,pm25,63.35,µg/m³,2024-02-08,23.363156,76.201706
Mumbai,Station C,so2,133.1,ppb,2024-02-16,28.196523,72.705531
Bengaluru,Station B,pm10,51.78,µg/m³,2024-03-13,17.635539,78.057775
Chennai,Station A,co,185.06,ppm,2024-01-30,23.485586,79.844456
Chennai,Station B,so2,118.18,ppb,2024-02-02,13.052334,83.006649
Kolkata,Station D,co,72.08,ppm,2024-02-25,26.723581,87.064283
Delhi,Station D,co,56.66,ppm,2024-03-25,16.017392,83.843418
Mumbai,Station A,no2,149.09,ppb,2024-02-03,14.348509,72.722265
Delhi,Station D,no2,41.78,ppb,2024-01-17,20.346667,83.49171
Mumbai,Station D,pm25,52.26,µg/m³,2024-02-24,27.836373,79.930164
Kolkata,Station A,pm25,143.85,µg/m³,2024-03-11,15.175052,76.857624
Kolkata,Station B,so2,131.26,ppb,2024-02-27,27.421376,85.171112
Bengaluru,Station C,co,123.53,ppm,2024-01-22,16.292134,76.93162
Delhi,Station B,pm10,113.4,µg/m³,2024-02-10,21.105647,76.995782
Bengaluru,Station D,pm25,58.03,µg/m³,2024-02-04,21.827977,75.025392
Mumbai,Station B,pm10,21.21,µg/m³,2024-01-08,21.030987,78.540377
Kolkata,Station A,co,50.32,ppm,2024-02-29,22.382449,81.786832
Chennai,Station A,pm25,168.75,µg/m³,2024-01-08,18.485677,84.71308
Bengaluru,Station D,so2,36.37,ppb,2024-02-13,24.375582,84.190431
Chennai,Station C,pm25,143.12,µg/m³,2024-03-14,23.548425,78.591728
Delhi,Station D,no2,81.34,ppb,2024-02-22,15.920744,73.706661
Mumbai,Station A,so2,53.02,ppb,2024-02-24,25.977324,85.122809
Chennai,Station D,no2,197.57,ppb,2024-03-09,20.611689,77.820867
Kolkata,Station A,co,60.24,ppm,2024-03-26,26.345508,73.097868
Chennai,Station A,no2,156.67,ppb,2024-02-17,13.886368,77.355917
Chennai,Station D,pm10,117.71,µg/m³,2024-01-28,17.474851,78.883734
Mumbai,Station A,no2,161.52,ppb,2024-02-27,16.047247,83.180494
Kolkata,Station C,pm25,54.5,µg/m³,2024-03-15,26.759427,83.246906
Bengaluru,Station B,co,185.34,ppm,2024-03-21,18.835152,80.760891
Bengaluru,Station C,so2,22.48,ppb,2024-01-21,15.511582,86.52954
Chennai,Station C,no2,67.82,ppb,2024-01-24,14.620674,78.863053
Bengaluru,Station A,co,183.95,ppm,2024-01-12,15.020803,78.991539
Delhi,Station B,no2,83.6,ppb,2024-02-03,21.19065,84.233457
Chennai,Station A,no2,119.86,ppb,2024-01-30,18.297839,77.686468
Bengaluru,Station A,co,147.4,ppm,2024-01-30,25.012631,81.788929
Delhi,Station D,pm10,135.85,µg/m³,2024-01-06,13.010121,82.847338
Chennai,Station D,so2,134.33,ppb,2024-01-07,15.244993,78.397932
Kolkata,Station C,co,74.09,ppm,2024-01-30,22.825512,86.709434
Kolkata,Station B,so2,53.74,ppb,2024-01-20,15.718788,87.615857
Bengaluru,Station B,no2,69.03,ppb,2024-03-17,12.979378,72.79467
Bengaluru,Station C,pm25,45.55,µg/m³,2024-03-13,27.965158,73.4869
Chennai,Station C,co,61.42,ppm,2024-02-04,15.261544,80.008705
Kolkata,Station B,so2,156.32,ppb,2024-03-24,22.109949,76.0674
Kolkata,Station B,pm10,177.79,µg/m³,2024-02-20,13.832625,82.642287
Kolkata,Station C,co,46.41,ppm,2024-02-26,23.639464,73.476974
Kolkata,Station D,pm25,159.67,µg/m³,2024-01-01,16.70593,76.664699
Bengaluru,Station A,no2,123.62,ppb,2024-01-19,15.543964,73.544998
Chennai,Station A,co,112.45,ppm,2024-03-11,28.230142,81.816996
Chennai,Station C,pm25,65.38,µg/m³,2024-03-27,21.542432,79.703883
Kolkata,Station D,pm25,57.49,µg/m³,2024-01-09,17.283645,73.369456
Bengaluru,Station C,pm25,154.58,µg/m³,2024-01-09,14.014855,75.711445
Chennai,Station B,pm25,51.25,µg/m³,2024-03-17,23.473519,73.755195
Mumbai,Station C,co,47.45,ppm,2024-03-14,22.648158,83.333092
Delhi,Station A,no2,34.83,ppb,2024-03-02,17.630112,79.610849
Mumbai,Station D,co,98.79,ppm,2024-01-14,21.259113,84.216971
Bengaluru,Station C,co,38.32,ppm,2024-03-30,17.777906,74.889821
Delhi,Station D,pm25,177.73,µg/m³,2024-02-13,23.667342,82.881402
Bengaluru,Station B,co,98.49,ppm,2024-03-26,19.876049,77.997277
Bengaluru,Station D,so2,199.61,ppb,2024-01-02,15.223601,77.244223
Kolkata,Station B,co,153.92,ppm,2024-01-21,25.880005,74.645486
Chennai,Station A,co,33.26,ppm,2024-02-02,22.499366,79.653956
Kolkata,Station B,pm25,25.62,µg/m³,2024-01-03,14.715132,85.306764
Chennai,Station C,pm25,80.93,µg/m³,2024-03-23,21.770135,80.943979
Bengaluru,Station A,co,147.39,ppm,2024-03-12,26.781759,83.361105
Bengaluru,Station B,so2,83.54,ppb,2024-03-04,16.821412,83.095957
Chennai,Station A,so2,55.9,ppb,2024-03-21,15.373783,82.111742
Bengaluru,Station D,co,94.55,ppm,2024-02-04,27.120432,80.184935
Mumbai,Station D,co,162.27,ppm,2024-01-16,16.867578,87.282436
Chennai,Station B,co,113.92,ppm,2024-03-17,21.361535,74.630445
Bengaluru,Station D,pm25,61.11,µg/m³,2024-01-06,27.166888,76.669372
Kolkata,Station B,pm10,170.91,µg/m³,2024-03-18,23.935723,79.156009
Delhi,Station D,pm10,23.26,µg/m³,2024-02-05,14.580859,79.771191
Delhi,Station B,pm10,181.68,µg/m³,2024-01-31,17.609533,86.208698
Delhi,Station A,pm25,191.03,µg/m³,2024-03-30,21.806506,74.221073
Kolkata,Station D,pm10,117.45,µg/m³,2024-03-25,20.062895,85.954281
Chennai,Station B,no2,64.56,ppb,2024-02-27,25.333576,82.126452
Chennai,Station A,pm25,164.59,µg/m³,2024-03-02,21.542384,83.979035
Bengaluru,Station D,co,133.91,ppm,2024-01-03,27.88342,82.23913
Mumbai,Station C,pm10,59.38,µg/m³,2024-03-17,26.910251,84.497396
Mumbai,Station A,so2,129.2,ppb,2024-02-29,15.627064,78.845682
Bengaluru,Station D,no2,116.85,ppb,2024-03-15,15.801876,72.590853
Bengaluru,Station C,co,197.57,ppm,2024-01-26,19.295734,75.832617
Chennai,Station C,co,107.73,ppm,2024-02-29,15.375937,74.703395
Chennai,Station A,so2,88.49,ppb,2024-01-27,14.296022,80.293022
Chennai,Station B,so2,34.85,ppb,2024-03-24,21.444879,75.801431
Bengaluru,Station B,co,123.52,ppm,2024-02-29,19.798268,74.911673
Bengaluru,Station A,co,111.51,ppm,2024-02-12,15.44085,81.844931
Chennai,Station D,no2,184.23,ppb,2024-01-30,13.321309,85.782714
Kolkata,Station A,co,120.11,ppm,2024-02-07,14.037036,74.117685
Chennai,Station D,so2,164.74,ppb,2024-03-02,14.953074,86.314697
Mumbai,Station A,no2,112.31,ppb,2024-01-20,13.272133,82.058862
Kolkata,Station A,co,166.38,ppm,2024-03-03,22.456153,79.411084
Chennai,Station A,pm10,33.99,µg/m³,2024-03-25,16.343757,85.189931
Kolkata,Station A,pm10,76.21,µg/m³,2024-02-24,14.108281,76.126769
Bengaluru,Station A,pm25,68.82,µg/m³,2024-02-06,20.891266,82.111589
Bengaluru,Station B,pm25,151.39,µg/m³,2024-03-20,23.981918,87.232699
Chennai,Station A,no2,121.39,ppb,2024-03-10,16.083464,80.3765
Mumbai,Station D,no2,136.64,ppb,2024-02-22,22.201233,81.699673
Kolkata,Station C,pm25,127.71,µg/m³,2024-01-15,18.901889,82.385328
Mumbai,Station B,pm10,56.02,µg/m³,2024-02-07,17.466532,87.13464
Mumbai,Station A,pm10,138.0,µg/m³,2024-01-22,26.617327,86.586765
Chennai,Station A,so2,187.63,ppb,2024-01-13,28.18303,75.256107
Bengaluru,Station C,co,182.44,ppm,2024-01-26,18.827847,73.796338
Chennai,Station B,so2,154.76,ppb,2024-01-13,28.109361,86.933715
Kolkata,Station A,pm10,78.15,µg/m³,2024-03-19,19.539478,86.837218
Bengaluru,Station A,pm10,32.52,µg/m³,2024-01-29,19.133327,75.01935
Delhi,Station A,pm25,161.23,µg/m³,2024-03-21,27.667608,77.956564
Chennai,Station D,so2,50.27,ppb,2024-02-16,24.974688,88.14067
Chennai,Station B,no2,142.71,ppb,2024-03-01,14.485239,86.652363
