OrderID,Date,StoreID,ProductID,CustomerID,Quantity,UnitPrice,Revenue,Profit
1,20-08-2023,9,146,1186,1,356.57,356.57,25.36
2,26-11-2023,6,103,1000,5,344.85,1724.25,461.52
3,17-10-2024,5,142,1138,3,75.38,226.14,48.16
4,01-08-2023,10,126,1193,5,38.5,192.5,55.26
5,14-11-2024,1,107,1113,5,483.48,2417.4,677.5
6,23-06-2023,5,130,1084,3,211.13,633.39,43.53
7,13-05-2024,4,150,1077,4,338.76,1355.04,122.22
8,27-12-2023,5,103,1017,1,112.06,112.06,13.38
9,18-01-2025,9,105,1131,2,449.89,899.78,163.82
10,15-08-2023,9,112,1032,1,40.15,40.15,4.36
11,02-03-2024,7,117,1045,5,15.04,75.2,14.15
12,29-07-2023,1,127,1102,1,42.36,42.36,12.43
13,27-12-2024,8,149,1169,1,55.03,55.03,11.31
14,10-06-2024,9,137,1198,3,228.25,684.75,89.31
15,10-07-2023,5,141,1062,2,308.54,617.08,179.08
16,26-02-2025,5,108,1172,3,24.42,73.26,15.1
17,07-01-2024,10,100,1012,3,388.54,1165.62,190.65
18,04-02-2024,5,131,1140,4,97.45,389.8,39.18
19,16-08-2024,7,142,1151,5,425.23,2126.15,342.09
20,09-06-2024,2,104,1054,4,363.37,1453.48,171.9
21,28-07-2023,8,136,1167,1,21.87,21.87,2.85
22,08-01-2025,3,129,1021,4,201.87,807.48,85.54
23,03-08-2024,3,148,1052,5,411.55,2057.75,362.74
24,07-05-2023,7,142,1120,4,243.54,974.16,110.81
25,02-03-2025,3,139,1101,5,490.5,2452.5,400.14
26,29-01-2024,5,128,1169,3,48.46,145.38,39.93
27,05-07-2024,3,124,1196,5,79.19,395.95,81.16
28,03-11-2023,3,130,1077,1,282.19,282.19,33.55
29,31-07-2023,9,123,1158,5,90.15,450.75,72.83
30,24-07-2023,4,120,1171,1,161.32,161.32,24.78
31,03-12-2024,3,122,1057,5,56.64,283.2,51.5
32,06-07-2023,9,147,1030,2,74.3,148.6,16.32
33,06-12-2023,7,140,1167,1,305.94,305.94,30.02
34,18-10-2024,1,132,1017,4,336.45,1345.8,208.94
35,11-07-2024,5,112,1043,3,405.72,1217.16,267.74
36,27-10-2024,7,138,1109,4,77.17,308.68,70.77
37,25-02-2025,5,101,1009,1,227.63,227.63,54.54
38,18-12-2024,6,138,1146,4,52.11,208.44,49.32
39,30-11-2023,1,139,1091,3,60.25,180.75,49.26
40,07-02-2024,2,118,1097,2,403.12,806.24,127.68
41,12-01-2024,7,145,1199,2,128.37,256.74,72
42,26-02-2024,4,118,1075,4,498.35,1993.4,516.75
43,10-05-2024,8,112,1137,2,15.58,31.16,7.79
44,22-06-2023,10,145,1081,4,216.8,867.2,58.25
45,28-08-2024,4,107,1044,3,435.79,1307.37,318.19
46,21-09-2024,6,107,1035,5,452.24,2261.2,170.74
47,27-04-2023,1,105,1022,4,207.64,830.56,140.16
48,12-06-2024,1,148,1095,3,15.09,45.27,9.74
49,13-01-2025,4,146,1055,5,277.58,1387.9,397.08
50,05-03-2025,10,113,1130,3,464.86,1394.58,231.21
51,17-12-2023,4,118,1123,1,389.02,389.02,63.43
52,22-03-2025,10,123,1102,1,430.57,430.57,69.75
53,28-07-2024,10,101,1167,2,191.43,382.86,114.26
54,20-02-2025,3,127,1161,2,280.07,560.14,38.67
55,20-10-2023,3,111,1117,2,113.16,226.32,54.87
56,17-07-2024,7,133,1114,2,258.47,516.94,68.66
57,01-03-2025,3,135,1162,4,206.79,827.16,247.21
58,23-10-2024,1,131,1135,5,345.32,1726.6,186.56
59,28-01-2024,9,146,1198,5,200.43,1002.15,205.22
60,12-10-2023,9,117,1083,1,222.82,222.82,28.76
61,14-08-2023,9,104,1173,3,416.97,1250.91,130.19
62,17-10-2023,3,129,1016,5,11.48,57.4,16.92
63,13-02-2024,8,116,1138,4,52.85,211.4,51.36
64,03-03-2025,8,102,1081,4,292.41,1169.64,222.49
65,06-11-2023,2,134,1022,3,445.28,1335.84,224.45
66,16-09-2023,2,138,1166,1,331.77,331.77,74.78
67,27-10-2023,9,137,1094,4,247.23,988.92,288.45
68,27-08-2024,3,144,1138,3,333.12,999.36,145.93
69,09-01-2024,10,125,1156,3,442.06,1326.18,263.59
70,21-07-2024,1,145,1146,2,201.71,403.42,72.74
71,09-11-2024,6,149,1005,3,446.95,1340.85,72.72
72,20-04-2023,6,138,1109,2,294.26,588.52,135.52
73,14-03-2025,5,113,1105,5,97.62,488.1,30.34
74,27-05-2024,1,140,1105,2,347.71,695.42,53.01
75,26-05-2024,1,141,1144,2,92.94,185.88,52.8
76,14-05-2024,5,142,1193,5,161.53,807.65,159.1
77,23-08-2024,8,139,1097,5,228.5,1142.5,110.27
78,07-04-2025,7,129,1000,4,101.92,407.68,66.77
79,29-01-2024,3,114,1013,3,141.02,423.06,126.1
80,15-02-2025,6,140,1055,2,107.89,215.78,45.94
81,23-09-2024,9,148,1104,2,13.89,27.78,2.66
82,07-05-2024,3,142,1097,5,162.26,811.3,80.35
83,06-06-2024,4,149,1132,3,265.87,797.61,56.53
84,10-05-2024,4,119,1138,4,138.96,555.84,144.53
85,10-01-2025,4,101,1053,1,496.51,496.51,139.6
86,10-09-2024,5,150,1038,5,109.93,549.65,92.36
87,14-11-2024,2,118,1156,3,275.04,825.12,122.51
88,03-07-2023,7,148,1131,2,213.56,427.12,116.09
89,04-10-2023,4,113,1185,4,386.66,1546.64,450.9
90,29-07-2023,2,105,1113,3,235.69,707.07,155.93
91,08-09-2024,8,120,1154,3,234.95,704.85,172.91
92,09-05-2023,7,100,1154,4,29.85,119.4,6.73
93,31-07-2024,10,109,1114,2,34.16,68.32,4.42
94,19-12-2023,8,138,1107,2,164.62,329.24,91.53
95,26-09-2023,3,117,1021,2,439.02,878.04,84.53
96,02-08-2024,5,111,1039,2,154.05,308.1,46.16
97,18-10-2023,5,118,1084,3,335.02,1005.06,246.27
98,10-11-2023,8,140,1110,4,65.5,262,36.01
99,06-08-2023,2,134,1144,3,466.72,1400.16,235.78
100,22-10-2024,10,136,1067,3,211.03,633.09,136.62
101,28-01-2024,2,119,1159,2,487.27,974.54,68.19
102,25-08-2023,3,107,1145,2,325.96,651.92,156.8
103,14-07-2023,7,141,1045,1,38.5,38.5,2.1
104,20-03-2025,5,102,1067,3,319.9,959.7,266.18
105,09-07-2024,3,107,1093,3,338.4,1015.2,162.51
106,10-05-2023,2,138,1167,4,68.97,275.88,53.97
107,23-01-2025,1,109,1144,2,175.59,351.18,75.17
108,20-10-2023,4,126,1078,2,109.39,218.78,32.72
109,06-03-2024,1,129,1156,1,379.07,379.07,99.33
110,18-02-2024,4,109,1011,3,62.72,188.16,56.4
111,24-10-2023,3,111,1056,3,83.67,251.01,70.66
112,08-09-2023,2,127,1075,5,149.66,748.3,40.15
113,16-12-2023,10,101,1157,4,320.17,1280.68,233.06
114,17-05-2024,2,121,1102,5,25.93,129.65,31.61
115,24-07-2023,5,137,1128,3,141.9,425.7,33.93
116,30-09-2024,9,114,1186,5,256.72,1283.6,237.68
117,21-11-2023,10,125,1084,5,282.27,1411.35,305.21
118,08-04-2024,4,139,1167,2,292.03,584.06,52.09
119,15-10-2024,10,140,1125,5,59.4,297,21.52
120,30-06-2024,1,132,1125,4,66.6,266.4,15.83
121,04-08-2023,9,150,1116,2,189.65,379.3,46.45
122,22-07-2024,9,112,1010,2,339.07,678.14,69.54
123,02-01-2024,3,105,1132,3,84.62,253.86,32.48
124,05-05-2024,4,107,1113,5,276.39,1381.95,349.98
125,04-03-2025,7,118,1097,4,486.6,1946.4,477.11
126,27-10-2023,10,110,1147,1,180.67,180.67,11.79
127,21-07-2023,1,114,1032,2,229.09,458.18,99.22
128,10-02-2024,5,135,1131,4,199.35,797.4,215.32
129,14-02-2024,10,144,1144,1,168.99,168.99,25.35
130,07-09-2024,5,129,1158,1,21,21,1.64
131,01-10-2024,4,148,1063,4,401.82,1607.28,83.68
132,03-05-2023,7,117,1119,3,146.38,439.14,107.8
133,25-07-2024,10,101,1137,2,37.59,75.18,7.14
134,14-03-2024,1,116,1067,5,341.28,1706.4,499.91
135,01-06-2023,2,119,1190,5,432.15,2160.75,477.99
136,22-06-2023,2,124,1081,2,91.26,182.52,23.29
137,02-03-2025,2,116,1032,5,172.29,861.45,67.32
138,15-12-2023,10,149,1061,1,73.24,73.24,11.21
139,23-07-2024,9,107,1022,2,262.46,524.92,133.87
140,09-04-2024,2,115,1029,3,339.72,1019.16,135.88
141,26-07-2023,9,111,1152,3,341.93,1025.79,220.96
142,20-08-2024,5,102,1193,1,399.49,399.49,36.9
143,08-04-2024,4,120,1111,2,403.16,806.32,126.19
144,26-01-2024,7,134,1142,3,176.29,528.87,107.71
145,05-04-2024,8,113,1054,5,321.32,1606.6,370.54
146,17-02-2024,1,141,1003,5,172.38,861.9,218.6
147,14-05-2023,10,107,1083,3,387.48,1162.44,306.06
148,02-05-2023,6,127,1149,5,95.93,479.65,79.09
149,01-06-2024,6,120,1010,5,320.49,1602.45,177.12
150,10-10-2023,7,140,1038,1,243.34,243.34,16.9
151,05-01-2025,8,116,1073,3,188.45,565.35,86.82
152,12-12-2024,10,100,1097,2,232.71,465.42,78.55
153,05-05-2023,10,102,1153,2,65.64,131.28,19.75
154,22-04-2023,7,147,1094,5,158.21,791.05,227.08
155,13-05-2024,6,108,1158,4,289.33,1157.32,76.66
156,14-09-2024,5,140,1102,4,43.57,174.28,13.62
157,07-11-2023,1,132,1104,3,458.76,1376.28,354.1
158,17-02-2024,5,112,1037,5,318.78,1593.9,163.47
159,30-11-2023,4,134,1160,3,407.96,1223.88,132.38
160,11-02-2024,10,139,1090,2,462.02,924.04,238.25
161,29-04-2024,6,142,1107,5,374.71,1873.55,386.62
162,04-02-2025,3,141,1095,5,267.47,1337.35,154.35
163,01-06-2024,5,120,1083,5,209.79,1048.95,166.5
164,12-07-2023,9,132,1111,5,216.48,1082.4,173.17
165,17-08-2024,10,143,1141,1,172.41,172.41,17.95
166,10-04-2025,2,113,1039,5,79.01,395.05,95.9
167,26-09-2023,6,136,1078,4,489.42,1957.68,498.03
168,30-07-2024,4,101,1167,3,162.17,486.51,134.14
169,15-01-2024,2,112,1173,4,136.28,545.12,116.1
170,20-03-2025,7,127,1166,3,479.8,1439.4,332.68
171,25-09-2024,1,117,1142,1,493.73,493.73,126.42
172,03-10-2023,4,131,1121,4,370.56,1482.24,131.24
173,11-06-2023,6,142,1180,5,111.65,558.25,122.66
174,07-03-2025,8,131,1072,5,329.06,1645.3,268.43
175,20-04-2024,4,118,1060,5,254.21,1271.05,164.98
176,12-01-2025,7,140,1016,3,498.04,1494.12,323.41
177,03-08-2024,1,106,1097,5,237.72,1188.6,126.69
178,20-07-2024,5,139,1082,3,150.74,452.22,125.35
179,06-06-2023,1,146,1123,3,310.96,932.88,156.19
180,31-01-2025,8,126,1101,5,412.08,2060.4,502.07
181,12-02-2025,6,145,1115,2,272.04,544.08,110.14
182,31-08-2024,10,145,1080,3,122.79,368.37,104.28
183,22-06-2023,5,140,1107,2,244.57,489.14,29.1
184,29-09-2023,10,124,1155,5,30.14,150.7,40.76
185,21-03-2025,1,110,1111,4,400.14,1600.56,415.25
186,07-08-2024,6,111,1065,2,54.9,109.8,30
187,18-01-2025,8,144,1075,4,378.64,1514.56,139.77
188,23-08-2023,10,108,1130,2,452.52,905.04,270.3
189,03-11-2023,4,100,1069,3,362.25,1086.75,233.61
190,20-12-2023,10,124,1035,5,162.5,812.5,119.64
191,09-10-2023,10,100,1021,4,251.7,1006.8,236.9
192,04-04-2025,1,129,1069,4,360.32,1441.28,344.11
193,14-09-2023,4,112,1075,2,423.77,847.54,99.31
194,01-01-2025,8,122,1091,2,333.63,667.26,36.55
195,02-11-2023,5,134,1137,2,211.9,423.8,89.18
196,12-04-2024,3,119,1049,1,178.85,178.85,45.88
197,26-09-2023,7,111,1098,1,317.76,317.76,52.04
198,12-02-2024,8,126,1107,4,459.89,1839.56,347.07
199,18-10-2023,5,122,1046,3,102.64,307.92,16.22
200,24-05-2024,9,119,1113,1,50.36,50.36,6.62
201,17-04-2023,9,121,1061,1,228.24,228.24,48.98
202,03-04-2025,4,133,1122,5,326.89,1634.45,215.93
203,04-08-2024,3,133,1064,1,453.44,453.44,130.1
204,30-07-2023,5,143,1075,4,127.47,509.88,71.46
205,28-06-2024,4,102,1081,2,248.97,497.94,83.1
206,14-07-2024,8,125,1158,5,198.81,994.05,215.29
207,07-02-2025,4,107,1200,2,257.4,514.8,58.39
208,23-04-2024,4,134,1190,2,36.99,73.98,9.4
209,16-12-2024,6,113,1140,2,418.73,837.46,220.9
210,12-09-2023,5,100,1045,4,90.52,362.08,55.62
211,29-08-2024,8,127,1105,5,439.41,2197.05,534.91
212,13-10-2023,3,149,1066,5,281.16,1405.8,271.96
213,21-04-2023,10,116,1051,2,270.58,541.16,149.11
214,12-01-2025,7,113,1003,2,42.7,85.4,10.55
215,14-03-2024,5,135,1090,1,223.34,223.34,27.13
216,01-06-2024,9,114,1055,5,152.19,760.95,194.9
217,24-12-2024,8,146,1177,4,301.73,1206.92,73.28
218,11-04-2025,3,136,1042,3,182.88,548.64,105.32
219,31-10-2024,2,100,1077,1,102.41,102.41,25.06
220,24-07-2023,2,119,1072,5,484.67,2423.35,492.23
221,15-07-2023,6,149,1014,5,328.91,1644.55,468.86
222,06-11-2024,1,129,1099,3,490.43,1471.29,231.65
223,12-10-2024,1,140,1061,4,349.93,1399.72,95.1
224,05-07-2023,2,115,1056,3,13.91,41.73,4.6
225,06-03-2025,9,145,1061,4,138.38,553.52,88.16
226,12-07-2024,1,131,1095,2,352.86,705.72,168.8
227,07-11-2023,6,138,1119,1,383.2,383.2,69.39
228,23-08-2023,4,114,1024,4,487.24,1948.96,401.63
229,04-04-2024,5,119,1179,5,495.74,2478.7,517.61
230,16-07-2024,10,133,1055,5,481.31,2406.55,578.71
231,16-01-2024,5,143,1035,2,243.63,487.26,125.72
232,11-02-2025,1,146,1172,3,191.12,573.36,97.61
233,31-12-2024,3,136,1008,1,35.34,35.34,10.15
234,12-11-2024,9,136,1114,5,237.47,1187.35,74.06
235,03-01-2024,9,131,1092,1,435.3,435.3,104.75
236,24-07-2023,8,127,1169,2,160.44,320.88,41.46
237,28-09-2023,8,102,1166,2,438.71,877.42,51.74
238,26-04-2024,10,115,1123,5,59.89,299.45,27.77
239,12-12-2024,7,126,1074,4,354.49,1417.96,366.13
240,26-11-2023,9,127,1044,3,83.34,250.02,43.79
241,14-01-2024,7,127,1141,5,361.93,1809.65,377.62
242,06-01-2025,4,121,1003,3,68.06,204.18,43.12
243,14-07-2024,2,103,1157,2,334.78,669.56,197.54
244,16-01-2024,1,129,1097,1,378.5,378.5,88.94
245,28-11-2023,10,111,1198,4,331.53,1326.12,240.47
246,13-12-2024,10,146,1028,1,285.99,285.99,78.86
247,01-05-2023,6,100,1069,3,139.31,417.93,120.65
248,11-10-2024,2,125,1167,1,54.74,54.74,14.09
249,28-08-2024,6,131,1162,1,388.27,388.27,78.64
250,12-03-2025,2,122,1001,5,336.59,1682.95,186.65
251,17-02-2025,2,120,1160,1,234.33,234.33,37.1
252,30-05-2024,8,136,1059,2,105.35,210.7,12.57
253,04-03-2024,2,149,1152,3,277.44,832.32,79.62
254,16-03-2025,8,104,1158,4,495.56,1982.24,116.05
255,28-12-2024,1,117,1166,3,245.33,735.99,172.25
256,26-02-2024,1,134,1048,2,338,676,98.99
257,23-06-2024,1,138,1119,2,170.11,340.22,37.41
258,15-10-2024,4,106,1196,2,130.74,261.48,26.96
259,28-02-2025,3,108,1104,2,218.02,436.04,100.66
260,16-10-2024,6,135,1055,2,458.65,917.3,229.64
261,29-10-2024,3,103,1192,5,177.27,886.35,47.1
262,08-08-2024,3,128,1176,5,22.48,112.4,15.94
263,18-11-2023,3,126,1161,1,173.7,173.7,49.64
264,11-05-2024,5,146,1013,2,360.67,721.34,160.95
265,09-03-2024,10,109,1116,2,98.54,197.08,32.44
266,04-11-2023,1,117,1140,5,344.98,1724.9,298.26
267,24-06-2024,3,108,1137,4,59.01,236.04,25.02
268,09-06-2023,10,135,1197,1,61.5,61.5,11.83
269,25-04-2023,9,150,1157,5,368.53,1842.65,137.08
270,08-02-2025,1,125,1170,4,193.28,773.12,106.98
271,09-05-2023,1,102,1088,5,221.75,1108.75,226.75
272,29-07-2023,6,100,1062,1,191.87,191.87,25.48
273,21-01-2025,5,139,1117,4,314.87,1259.48,133.22
274,16-03-2025,10,114,1106,2,203.76,407.52,55.48
275,15-03-2024,4,104,1101,3,444.89,1334.67,199.85
276,03-04-2024,3,147,1047,4,419.73,1678.92,475.22
277,14-09-2024,1,122,1148,2,213.38,426.76,50.77
278,26-04-2024,7,140,1195,3,108.55,325.65,26.52
279,01-11-2024,6,102,1114,4,329.7,1318.8,355.03
280,22-03-2025,5,119,1096,2,345.46,690.92,190.3
281,28-02-2024,9,100,1178,1,122.76,122.76,24.6
282,06-05-2023,7,138,1052,1,12.87,12.87,2.11
283,06-08-2024,5,113,1186,1,310.18,310.18,55.38
284,16-06-2023,3,137,1029,3,40.17,120.51,16.42
285,30-03-2025,2,124,1139,2,127.41,254.82,14.5
286,30-12-2024,6,102,1095,3,390.33,1170.99,93.36
287,19-06-2023,1,120,1067,2,441.47,882.94,134.9
288,01-08-2023,2,105,1019,5,172.38,861.9,56.31
289,21-06-2024,10,144,1137,1,357.35,357.35,76.83
290,20-11-2023,9,149,1043,3,424.65,1273.95,226.44
291,14-06-2024,10,143,1168,1,412.6,412.6,24.83
292,10-08-2024,4,148,1102,4,489.06,1956.24,499.83
293,19-06-2024,3,108,1139,1,187.58,187.58,54.57
294,20-08-2023,2,103,1054,3,288.26,864.78,126.46
295,11-08-2024,7,112,1145,2,131.17,262.34,41.72
296,19-11-2024,9,135,1114,1,254.91,254.91,25.33
297,22-09-2023,1,104,1157,5,470.15,2350.75,180.76
298,25-10-2023,4,145,1154,4,56.16,224.64,52.09
299,23-09-2023,9,143,1178,4,444.6,1778.4,251.37
300,16-11-2023,1,110,1183,4,225.47,901.88,157.29
301,15-08-2023,3,141,1109,3,174.6,523.8,65.5
302,26-06-2024,5,133,1087,5,213.77,1068.85,166.68
303,16-01-2025,4,146,1188,1,410.78,410.78,42.81
304,11-02-2025,6,120,1110,1,298.55,298.55,76.02
305,28-09-2024,3,102,1094,1,345.37,345.37,23.63
306,15-11-2024,9,122,1130,2,116.91,233.82,38.7
307,01-02-2024,5,143,1139,3,256.69,770.07,191.59
308,22-02-2025,8,145,1020,5,389.87,1949.35,506.83
309,01-04-2025,6,135,1161,1,356.81,356.81,21.08
310,30-03-2024,6,113,1195,4,325.79,1303.16,110.77
311,19-05-2024,4,131,1085,3,353.37,1060.11,108.09
312,24-10-2023,7,150,1009,4,454.99,1819.96,133.09
313,22-02-2025,8,129,1162,4,271.86,1087.44,262.45
314,05-06-2024,2,132,1169,3,384.69,1154.07,194.64
315,02-06-2024,7,146,1167,1,358.73,358.73,62.93
316,16-12-2024,9,100,1059,5,133.93,669.65,68.37
317,17-01-2025,5,138,1159,5,165.11,825.55,124.56
318,01-03-2024,2,145,1033,2,133.97,267.94,55.01
319,18-02-2024,6,132,1045,4,133.01,532.04,30.98
320,02-07-2023,4,122,1178,2,147.78,295.56,48.7
321,15-10-2024,3,137,1124,1,60.23,60.23,11.79
322,21-01-2025,3,127,1085,1,175.47,175.47,25.34
323,03-09-2024,1,126,1003,3,368.45,1105.35,128.59
324,04-07-2024,7,113,1130,5,203.63,1018.15,137.49
325,06-12-2024,6,121,1148,3,395.01,1185.03,68
326,17-06-2023,4,109,1172,2,270.77,541.54,162.36
327,01-10-2023,7,143,1060,3,156.01,468.03,79.39
328,19-06-2023,8,132,1098,5,146.27,731.35,161.28
329,10-06-2023,1,106,1167,5,255.76,1278.8,257.11
330,28-11-2023,6,103,1112,2,499.75,999.5,187.85
331,16-10-2024,7,110,1088,3,294.64,883.92,209.38
332,29-06-2023,3,142,1154,4,306.62,1226.48,281.88
333,03-08-2024,9,133,1062,5,207.96,1039.8,76.47
334,15-12-2023,6,108,1177,2,419.69,839.38,68.25
335,02-03-2024,7,117,1161,5,486.91,2434.55,331.66
336,09-09-2024,2,125,1082,2,495.84,991.68,249.09
337,19-05-2024,5,127,1128,5,234.38,1171.9,345.37
338,13-05-2023,10,100,1127,2,137.43,274.86,17.62
339,07-04-2025,6,114,1071,4,103.78,415.12,29.06
340,22-09-2023,6,115,1018,2,281.97,563.94,130.78
341,03-07-2024,8,141,1070,3,311.36,934.08,60.28
342,01-06-2023,5,150,1095,5,184.08,920.4,266.67
343,13-10-2023,2,121,1086,3,495.24,1485.72,153.39
344,06-06-2024,2,106,1125,2,92.79,185.58,33.4
345,07-03-2024,2,138,1049,4,309.6,1238.4,340.68
346,17-01-2025,5,115,1027,4,288.52,1154.08,272.98
347,21-04-2024,5,129,1163,2,17.44,34.88,6.58
348,12-04-2025,4,140,1060,3,154.8,464.4,126.36
349,23-07-2024,10,101,1155,3,375.81,1127.43,334.11
350,11-02-2025,5,131,1135,2,128.54,257.08,75.09
351,10-08-2024,2,141,1141,5,242.65,1213.25,276.39
352,11-10-2023,5,126,1199,3,12.83,38.49,5.84
353,17-04-2023,7,102,1073,3,131.44,394.32,22.1
354,14-12-2024,9,141,1148,1,436.57,436.57,117.49
355,09-06-2023,2,117,1060,4,280.52,1122.08,188.5
356,11-09-2023,5,141,1025,2,220.87,441.74,50.19
357,21-04-2024,6,133,1100,4,47.94,191.76,48.36
358,19-11-2023,2,149,1147,4,150.4,601.6,125.66
359,11-09-2024,9,110,1028,4,317.59,1270.36,313.48
360,10-12-2023,8,110,1089,3,479.14,1437.42,210.16
361,25-09-2023,4,111,1006,4,438.53,1754.12,150.09
362,20-08-2024,1,109,1173,4,304.33,1217.32,121.77
363,02-04-2024,6,125,1194,5,123.77,618.85,126.84
364,31-03-2024,6,104,1162,1,337.7,337.7,38.66
365,13-02-2025,8,128,1145,1,76.02,76.02,19.61
366,06-11-2024,7,129,1023,4,54.52,218.08,62.88
367,26-01-2024,6,109,1149,1,444.91,444.91,112.22
368,02-10-2023,6,120,1004,4,200.66,802.64,142.09
369,06-07-2023,4,140,1170,3,240.8,722.4,83.09
370,02-05-2024,8,142,1111,2,110.25,220.5,14
371,07-10-2024,6,105,1125,3,418.78,1256.34,335.41
372,16-08-2024,9,104,1065,4,336.83,1347.32,120.42
373,11-10-2024,6,116,1022,4,325.97,1303.88,342.31
374,11-05-2023,8,133,1009,3,26.96,80.88,20.06
375,15-09-2023,9,110,1008,3,166.65,499.95,73.12
376,09-07-2024,10,129,1052,3,346.84,1040.52,184.4
377,25-09-2023,6,104,1047,1,228.69,228.69,53.39
378,30-06-2024,7,144,1178,3,315.44,946.32,76.37
379,03-09-2023,7,150,1097,2,284.81,569.62,101.64
380,05-06-2024,10,135,1166,2,393.18,786.36,57.22
381,02-08-2023,1,105,1069,3,216.1,648.3,49.46
382,09-03-2025,6,139,1076,3,238.76,716.28,125.65
383,15-05-2023,2,121,1144,5,301.67,1508.35,359.35
384,04-03-2025,2,106,1135,2,275.41,550.82,70.2
385,28-02-2025,9,150,1142,4,423.55,1694.2,304.76
386,22-12-2024,7,115,1109,3,401.95,1205.85,262.92
387,23-03-2025,1,149,1120,1,221.57,221.57,41.11
388,07-01-2025,6,125,1111,3,357.54,1072.62,252.79
389,25-06-2023,5,134,1181,2,314.69,629.38,103.45
390,16-09-2023,2,109,1066,1,379.11,379.11,35.13
391,22-03-2025,9,107,1011,5,355.24,1776.2,393.32
392,14-09-2024,9,150,1199,1,172.77,172.77,33.63
393,30-09-2023,1,143,1163,1,43.91,43.91,3.95
394,20-07-2023,7,102,1119,4,256.74,1026.96,180.56
395,11-02-2025,2,111,1078,5,327.18,1635.9,216.92
396,25-11-2024,2,115,1181,2,454.04,908.08,168.71
397,13-04-2024,5,143,1197,3,23.75,71.25,14.11
398,09-05-2023,4,106,1044,1,299.89,299.89,38.45
399,03-11-2024,3,135,1091,3,435.26,1305.78,264.33
400,22-09-2024,10,119,1127,2,150.57,301.14,17.76
401,08-11-2024,8,121,1122,5,331.84,1659.2,242.73
402,31-10-2023,7,105,1053,2,388.48,776.96,133.76
403,14-08-2023,8,107,1162,2,322.3,644.6,80.73
404,05-02-2025,10,120,1147,2,378.93,757.86,65.37
405,29-03-2025,6,112,1150,4,303.85,1215.4,69.77
406,13-08-2024,9,115,1006,4,19.76,79.04,11.37
407,18-09-2023,3,129,1123,5,357.21,1786.05,115.42
408,27-08-2024,8,110,1047,5,124.93,624.65,146.94
409,21-06-2024,10,125,1133,5,332.87,1664.35,275.7
410,12-04-2025,9,122,1011,4,239.32,957.28,167.47
411,22-01-2025,6,101,1052,3,486.76,1460.28,380.87
412,19-05-2024,5,143,1087,3,49.37,148.11,23.38
413,28-10-2023,5,138,1053,5,281.67,1408.35,395.25
414,09-12-2024,3,108,1136,3,325.32,975.96,102.65
415,05-10-2023,9,127,1182,1,143.97,143.97,41.16
416,27-09-2023,5,148,1058,4,287.92,1151.68,175.02
417,29-06-2024,6,148,1033,2,239.35,478.7,101.4
418,17-02-2025,8,130,1094,2,372.22,744.44,197.32
419,23-02-2024,7,129,1081,1,292.24,292.24,44.64
420,08-02-2024,3,135,1159,2,293.15,586.3,173.24
421,11-09-2023,1,124,1046,2,166.84,333.68,84.88
422,15-06-2024,8,100,1199,5,157.62,788.1,75.58
423,04-01-2025,3,133,1190,1,337.54,337.54,61.14
424,27-02-2024,4,128,1145,4,326.7,1306.8,353.18
425,25-07-2023,3,115,1088,5,462.35,2311.75,575.57
426,22-01-2025,6,143,1049,4,61.84,247.36,66.36
427,11-08-2023,10,105,1056,3,354.51,1063.53,269.33
428,04-06-2023,8,134,1043,2,484.31,968.62,152.81
429,06-07-2024,5,107,1117,5,462.47,2312.35,165.03
430,14-02-2025,4,106,1173,2,360.09,720.18,74.72
431,24-03-2024,3,101,1120,4,28.47,113.88,15.26
432,24-10-2024,5,120,1069,1,71.87,71.87,9.54
433,26-04-2024,1,129,1012,2,319.84,639.68,77.49
434,22-07-2023,8,119,1148,1,55.72,55.72,9
435,26-11-2023,8,102,1136,5,495.95,2479.75,279.85
436,03-03-2024,7,139,1134,3,297.61,892.83,48.74
437,02-03-2024,5,105,1053,1,439.33,439.33,96.91
438,19-07-2023,1,146,1112,1,193.58,193.58,26.06
439,31-05-2024,7,144,1057,2,48.57,97.14,5.1
440,30-05-2024,1,113,1090,3,469.24,1407.72,274.26
441,19-02-2024,9,134,1069,3,150.52,451.56,54.32
442,22-07-2023,6,100,1005,2,132.56,265.12,18.36
443,25-04-2024,2,111,1004,4,185.18,740.72,168.83
444,26-04-2024,1,148,1198,3,369.2,1107.6,246.03
445,11-11-2024,7,106,1007,4,486.15,1944.6,385.36
446,21-10-2023,5,120,1073,3,51.67,155.01,18.29
447,29-11-2023,3,133,1091,5,111.37,556.85,38.1
448,03-10-2024,2,103,1144,4,179.52,718.08,158.99
449,05-09-2024,9,103,1068,3,253.49,760.47,200.21
450,14-08-2023,5,143,1030,3,465.64,1396.92,259.24
451,21-12-2024,10,145,1076,5,125.2,626,180.59
452,13-03-2025,6,136,1016,2,172.12,344.24,86.37
453,20-10-2023,6,122,1176,3,26.17,78.51,9.48
454,09-01-2025,6,143,1037,4,408.77,1635.08,199.46
455,01-07-2023,6,100,1003,5,239.29,1196.45,68.77
456,09-09-2024,7,141,1130,2,153.2,306.4,38.14
457,05-02-2025,4,146,1177,5,432.5,2162.5,603.8
458,30-01-2025,3,137,1010,2,27.1,54.2,6.19
459,29-08-2023,9,141,1159,2,92.42,184.84,11.86
460,24-10-2023,7,112,1119,5,342.41,1712.05,239.65
461,06-02-2024,5,109,1108,2,124.02,248.04,35.56
462,23-06-2024,7,101,1043,5,447.45,2237.25,124.07
463,27-05-2023,6,148,1072,5,448.82,2244.1,192.45
464,19-01-2024,10,123,1139,2,337.76,675.52,170.29
465,23-07-2023,10,140,1008,3,23.83,71.49,16.86
466,29-05-2024,6,128,1076,1,258.95,258.95,38.91
467,27-02-2024,3,100,1189,3,33.19,99.57,6
468,25-10-2023,3,118,1074,2,147.5,295,35.36
469,19-04-2023,4,129,1028,4,77.97,311.88,47.51
470,12-09-2024,3,126,1170,5,310.88,1554.4,101.21
471,17-05-2023,6,109,1167,5,261.05,1305.25,182.54
472,18-09-2024,5,142,1151,5,102.39,511.95,72.8
473,28-07-2024,6,141,1155,1,341.92,341.92,30.11
474,01-08-2024,10,119,1037,4,420.15,1680.6,404.63
475,20-06-2023,3,130,1012,5,171.53,857.65,129.2
476,19-10-2024,6,115,1073,1,426.42,426.42,64.92
477,15-12-2023,3,129,1027,2,303.5,607,152.59
478,30-12-2023,1,117,1057,4,351.84,1407.36,81.93
479,14-02-2025,7,149,1080,5,15.75,78.75,18.94
480,08-03-2024,8,116,1100,5,280.93,1404.65,263.99
481,19-10-2023,10,132,1146,3,307.89,923.67,245.26
482,28-09-2024,1,128,1109,4,312.11,1248.44,162.79
483,18-09-2023,4,129,1179,1,69.04,69.04,16.86
484,07-06-2024,1,148,1177,3,172.27,516.81,33.57
485,31-01-2025,1,114,1099,1,250.78,250.78,48.7
486,07-01-2025,1,127,1193,4,343.81,1375.24,157.58
487,20-10-2024,10,130,1153,3,195.79,587.37,126.91
488,11-10-2024,3,142,1002,5,258.37,1291.85,196.95
489,21-08-2023,10,141,1124,5,150.88,754.4,212.5
490,17-03-2025,4,110,1125,5,222.83,1114.15,248.55
491,09-05-2024,1,125,1151,5,417.98,2089.9,277.17
492,29-11-2023,4,145,1137,5,489.77,2448.85,454.79
493,18-04-2024,3,113,1058,2,347.18,694.36,36.12
494,19-11-2023,6,132,1070,3,413.94,1241.82,314.05
495,25-11-2024,7,115,1007,5,287.44,1437.2,232.24
496,25-02-2025,7,122,1083,5,123.69,618.45,118.6
497,22-09-2023,7,150,1110,2,89.52,179.04,16.66
498,16-10-2023,8,127,1016,2,405.16,810.32,127.52
499,17-06-2023,7,150,1168,5,29.55,147.75,15.11
500,13-06-2023,1,101,1088,1,453.4,453.4,125.81
501,22-09-2023,2,143,1158,1,20.48,20.48,1.72
502,01-01-2024,6,109,1182,2,468.67,937.34,122.42
503,01-07-2024,9,103,1087,3,448.8,1346.4,161.15
504,17-07-2024,8,121,1160,1,45.24,45.24,6.14
505,02-10-2023,5,110,1009,2,35.17,70.34,14.02
506,09-05-2023,10,129,1135,2,197.82,395.64,64.03
507,02-08-2023,1,118,1006,5,333.85,1669.25,288.2
508,24-01-2024,7,109,1174,2,17.01,34.02,2.33
509,29-01-2024,6,134,1123,5,281.99,1409.95,272.87
510,17-04-2023,9,102,1095,3,15.7,47.1,3.29
511,03-09-2023,4,113,1145,2,343.91,687.82,155.57
512,20-06-2023,8,128,1079,2,83.01,166.02,15.8
513,11-09-2023,7,110,1164,1,355.43,355.43,20.88
514,27-06-2023,1,115,1146,1,184.2,184.2,52.97
515,05-05-2023,6,130,1165,5,465.62,2328.1,620.2
516,02-11-2023,2,143,1033,3,389.56,1168.68,102.04
517,19-05-2023,3,147,1155,1,86.86,86.86,18.89
518,06-02-2025,10,148,1132,2,172.81,345.62,27.19
519,15-04-2024,1,133,1125,2,83.94,167.88,29.05
520,25-08-2023,5,114,1080,4,111.75,447,28.22
521,10-10-2024,4,119,1009,1,202.93,202.93,39.91
522,16-05-2023,1,149,1110,3,162.24,486.72,105.96
523,16-01-2025,5,126,1025,3,423.76,1271.28,219.41
524,28-03-2024,3,102,1121,3,355.85,1067.55,232.54
525,08-05-2023,9,127,1034,3,455.05,1365.15,153.55
526,04-10-2024,7,150,1087,1,285.95,285.95,15.81
527,04-01-2024,8,113,1088,1,226.23,226.23,46.32
528,04-12-2023,3,112,1120,2,59.49,118.98,11.49
529,25-04-2024,9,131,1139,2,80.31,160.62,18.71
530,19-01-2025,7,101,1050,4,413.02,1652.08,475.88
531,15-02-2024,7,149,1150,5,306.34,1531.7,77.88
532,17-03-2025,5,114,1144,4,171.81,687.24,47.29
533,29-08-2023,1,110,1155,3,115.53,346.59,38.65
534,10-05-2024,2,138,1179,1,159.01,159.01,17.55
535,11-09-2023,7,138,1038,3,81.97,245.91,33.27
536,13-03-2025,8,103,1178,5,207.5,1037.5,68.76
537,25-09-2023,6,141,1196,4,95.19,380.76,83.23
538,26-01-2025,9,141,1089,1,161.18,161.18,42.54
539,16-04-2024,3,137,1056,5,364.7,1823.5,411.06
540,23-05-2023,9,112,1183,3,382.66,1147.98,74.9
541,13-12-2023,9,130,1127,5,285.94,1429.7,207.01
542,26-04-2023,5,106,1052,1,384.83,384.83,52.91
543,11-04-2025,9,139,1001,4,85.18,340.72,84.16
544,06-04-2024,3,140,1005,5,397.69,1988.45,257.69
545,17-06-2024,8,112,1076,2,281.19,562.38,120.36
546,10-02-2025,6,115,1096,4,254.01,1016.04,250.32
547,03-10-2024,7,136,1106,1,378.51,378.51,20.92
548,21-02-2024,5,100,1100,5,165.26,826.3,130.32
549,24-09-2024,7,145,1060,1,423.93,423.93,83.04
550,31-03-2025,4,141,1097,4,343.83,1375.32,400.94
551,07-12-2023,9,123,1060,1,496.4,496.4,133.86
552,01-10-2023,4,112,1194,2,492.1,984.2,276.35
553,30-05-2023,2,103,1090,4,134.5,538,128.32
554,11-10-2024,10,129,1027,2,219.85,439.7,129.5
555,01-02-2024,3,113,1074,4,247.24,988.96,110.28
556,15-02-2025,6,121,1056,4,450.87,1803.48,257.47
557,23-07-2023,6,149,1181,5,154.91,774.55,214.16
558,22-03-2025,10,109,1094,5,243.02,1215.1,148.31
559,17-01-2024,7,145,1156,5,168.04,840.2,207.09
560,01-02-2025,9,131,1065,3,63.27,189.81,49.67
561,16-07-2023,9,148,1168,4,429.61,1718.44,285.21
562,12-08-2023,10,122,1119,2,453.55,907.1,232.8
563,22-06-2023,10,141,1132,1,340.37,340.37,54.77
564,21-03-2025,1,118,1126,3,201.25,603.75,159.51
565,18-01-2024,8,134,1087,4,275.56,1102.24,68.5
566,16-02-2025,2,108,1044,5,71.09,355.45,32.28
567,25-07-2023,8,143,1178,3,32.63,97.89,13.43
568,29-03-2024,5,122,1087,3,393.98,1181.94,287.09
569,28-08-2024,2,134,1090,4,207.88,831.52,240.37
570,22-06-2023,6,150,1080,2,369.92,739.84,102.51
571,24-01-2024,6,114,1155,2,283.15,566.3,151.68
572,25-12-2024,6,145,1041,3,440.45,1321.35,121.54
573,01-09-2024,7,105,1100,5,95.51,477.55,109.5
574,10-09-2023,8,147,1058,4,255.82,1023.28,202.98
575,15-12-2023,6,122,1027,2,245.21,490.42,125.74
576,12-02-2025,3,140,1077,4,98.68,394.72,21.74
577,06-11-2023,5,121,1194,4,356.24,1424.96,178.34
578,04-02-2024,9,103,1150,4,488.65,1954.6,546.47
579,10-10-2023,6,106,1024,2,400.2,800.4,175.5
580,23-05-2024,10,145,1096,2,262.73,525.46,110.2
581,05-04-2024,4,126,1149,2,303.71,607.42,152.96
582,15-04-2023,4,140,1055,2,24.1,48.2,5.07
583,13-06-2023,9,119,1136,1,190.34,190.34,10.11
584,10-10-2024,8,118,1154,2,319.84,639.68,186.49
585,11-06-2024,10,103,1070,1,433.78,433.78,33.63
586,25-09-2024,6,123,1048,1,23.77,23.77,3.98
587,14-04-2024,10,101,1180,3,319.31,957.93,177.47
588,06-12-2024,4,103,1196,5,324.33,1621.65,165.73
589,30-10-2023,3,147,1113,3,415.85,1247.55,229.92
590,17-03-2024,10,109,1194,1,41.19,41.19,5.69
591,27-07-2023,2,139,1034,5,27.63,138.15,26.33
592,15-09-2023,5,127,1093,1,355.75,355.75,64.88
593,03-07-2023,2,131,1128,5,21.65,108.25,9.92
594,23-11-2024,9,120,1142,2,127,254,38.16
595,20-04-2024,2,142,1009,1,408.58,408.58,59.72
596,29-12-2023,5,139,1189,2,368.69,737.38,156.63
597,30-06-2023,9,108,1051,3,114.4,343.2,91.97
598,11-04-2024,3,120,1054,1,142.13,142.13,34.94
599,16-08-2023,1,130,1074,5,413.13,2065.65,527.86
600,15-01-2025,6,140,1185,1,495.66,495.66,104.86
601,26-10-2024,9,117,1015,5,245.59,1227.95,148.07
602,22-05-2024,5,116,1047,1,77.99,77.99,12.66
603,01-12-2023,9,149,1100,5,482.83,2414.15,569.3
604,27-02-2024,2,125,1156,4,460.52,1842.08,226.7
605,10-08-2023,1,107,1107,3,268.83,806.49,111.3
606,11-03-2025,9,139,1003,2,478.33,956.66,139.35
607,19-11-2024,3,120,1085,4,300.44,1201.76,263.3
608,31-05-2023,8,118,1131,3,375.28,1125.84,134.69
609,09-02-2025,2,125,1095,2,330.22,660.44,177.75
610,06-12-2023,6,149,1180,4,65.26,261.04,60.75
611,30-01-2025,5,116,1124,4,13.34,53.36,14.31
612,16-08-2023,3,144,1090,3,198.61,595.83,51.66
613,04-08-2023,3,116,1098,3,236.2,708.6,179.14
614,14-05-2024,9,137,1174,5,283.62,1418.1,401.89
615,25-05-2023,6,142,1193,2,129.8,259.6,18.06
616,14-01-2025,3,107,1053,3,379.43,1138.29,338.11
617,02-03-2025,9,130,1188,2,86.23,172.46,12.76
618,15-01-2025,5,105,1127,1,410.24,410.24,95.54
619,29-05-2023,1,114,1041,3,117.61,352.83,104.41
620,22-05-2024,10,128,1036,5,87.74,438.7,36.71
621,12-04-2025,3,144,1052,1,97.62,97.62,14.83
622,02-10-2023,1,142,1101,2,497.77,995.54,236.79
623,25-09-2023,2,136,1116,4,276.56,1106.24,293.77
624,26-04-2023,1,118,1053,1,282.24,282.24,19.98
625,21-07-2024,2,133,1176,5,477.71,2388.55,157.22
626,02-06-2024,5,135,1102,1,430.43,430.43,88.68
627,25-04-2024,3,113,1144,3,298.25,894.75,136.77
628,16-01-2024,6,118,1130,5,48.39,241.95,27.72
629,21-04-2023,5,133,1065,3,162.91,488.73,126.88
630,06-03-2025,10,113,1017,4,440.3,1761.2,398.68
631,26-10-2024,3,124,1078,4,57.65,230.6,16.94
632,24-10-2024,9,150,1129,5,337.46,1687.3,376.51
633,16-06-2024,3,136,1089,4,371.38,1485.52,239.52
634,16-01-2025,7,115,1155,2,267.36,534.72,102.68
635,24-07-2024,8,105,1102,4,211.53,846.12,116.28
636,02-10-2023,9,105,1156,5,366.55,1832.75,434.8
637,22-03-2024,6,145,1108,1,156.49,156.49,28.15
638,01-02-2024,2,103,1142,5,139.48,697.4,105.9
639,16-12-2023,3,117,1011,2,241.53,483.06,70.87
640,17-05-2024,2,134,1108,4,18.72,74.88,4.75
641,23-07-2024,5,105,1181,5,439.3,2196.5,129.82
642,16-10-2024,10,135,1191,1,354.41,354.41,37.02
643,17-03-2025,5,102,1153,1,244.11,244.11,26.16
644,10-07-2024,8,105,1170,2,63.79,127.58,36.86
645,01-06-2023,5,144,1158,1,19.37,19.37,1.77
646,02-10-2024,1,133,1031,5,263.51,1317.55,325.48
647,17-11-2024,10,116,1036,1,393.69,393.69,105.38
648,02-11-2023,2,149,1190,2,209.68,419.36,31.2
649,23-09-2024,2,144,1115,4,291.68,1166.72,208.19
650,24-03-2024,4,105,1117,4,415.37,1661.48,470.15
651,20-04-2024,7,121,1038,3,313.23,939.69,114.71
652,09-06-2023,10,128,1176,3,451.76,1355.28,226.58
653,08-09-2024,10,134,1182,5,198.43,992.15,154.35
654,20-12-2024,6,129,1081,5,65.32,326.6,97.86
655,27-03-2025,4,137,1146,2,300.65,601.3,50.79
656,12-05-2024,10,116,1011,1,194.83,194.83,28.03
657,12-12-2023,7,121,1089,2,279.61,559.22,118.81
658,15-12-2024,6,134,1176,1,102.9,102.9,22.37
659,13-01-2025,9,147,1199,5,193.22,966.1,141.3
660,19-09-2023,6,125,1155,3,466.76,1400.28,293.95
661,06-03-2024,9,124,1101,5,14.08,70.4,8.22
662,24-04-2023,4,136,1194,4,465.31,1861.24,257.92
663,30-10-2023,9,117,1067,3,279.47,838.41,185.08
664,29-08-2023,5,118,1125,4,124.92,499.68,95.64
665,27-08-2023,1,139,1068,2,303.28,606.56,168.42
666,17-06-2024,2,103,1038,4,376.57,1506.28,209.69
667,17-03-2024,4,129,1137,3,132.09,396.27,66.05
668,18-08-2024,10,143,1047,1,76.85,76.85,15.04
669,11-04-2025,10,117,1170,3,178.51,535.53,77.44
670,12-12-2024,3,105,1181,4,329.34,1317.36,192.84
671,21-05-2024,3,119,1059,3,34.86,104.58,21.32
672,02-11-2023,9,107,1117,1,284.35,284.35,28.57
673,11-12-2023,6,100,1160,1,164.27,164.27,36.29
674,06-02-2025,6,131,1105,1,463.92,463.92,56.26
675,11-10-2024,9,114,1172,1,34.71,34.71,4.11
676,07-07-2023,1,127,1016,3,226.86,680.58,180.16
677,15-10-2024,1,130,1074,1,134.33,134.33,9.27
678,06-07-2023,10,139,1053,2,189.67,379.34,69.05
679,25-02-2025,6,108,1079,4,367.29,1469.16,376.7
680,06-10-2023,2,113,1051,2,267.68,535.36,99.63
681,17-08-2023,2,136,1090,2,202.38,404.76,83.85
682,31-07-2024,7,113,1017,5,86.47,432.35,39.53
683,17-04-2024,5,120,1046,3,208.6,625.8,136.29
684,12-10-2023,3,138,1081,5,444.62,2223.1,245.87
685,26-04-2023,6,107,1103,5,320.96,1604.8,385.63
686,17-08-2024,4,144,1053,2,347.8,695.6,148.8
687,03-12-2024,10,143,1053,5,86.95,434.75,106.43
688,26-05-2024,8,127,1030,3,194.26,582.78,127.59
689,21-11-2024,9,129,1104,3,393.15,1179.45,271.39
690,11-11-2024,4,107,1103,1,56.76,56.76,3
691,02-09-2023,8,127,1185,2,47.45,94.9,13.97
692,10-06-2024,6,116,1159,5,22.42,112.1,6.5
693,06-01-2024,10,105,1068,3,487.1,1461.3,138.73
694,10-04-2025,2,136,1004,1,238.58,238.58,27.9
695,16-11-2023,5,134,1006,2,186.78,373.56,76.3
696,06-12-2023,9,134,1024,5,450.64,2253.2,670.07
697,09-02-2024,2,143,1138,5,165.12,825.6,177.19
698,14-07-2024,1,114,1158,1,384.32,384.32,64.36
699,03-08-2023,7,129,1194,4,191.56,766.24,177.84
700,12-01-2025,9,115,1177,3,429.11,1287.33,279.76
701,09-10-2024,10,106,1033,1,68.37,68.37,15.51
702,10-01-2025,10,117,1093,3,314.8,944.4,223.4
703,03-11-2023,1,145,1070,3,384.09,1152.27,196.85
704,08-07-2023,8,124,1156,5,355.34,1776.7,334.29
705,14-05-2024,2,141,1025,4,426.69,1706.76,411.87
706,10-05-2023,6,136,1054,3,321.43,964.29,188.65
707,26-05-2023,3,116,1080,4,426.44,1705.76,110.1
708,31-01-2025,5,135,1125,4,181.04,724.16,132.66
709,08-02-2024,7,125,1038,1,481.83,481.83,90.17
710,27-12-2023,10,100,1090,4,71.32,285.28,24.46
711,15-10-2024,3,133,1123,5,76.46,382.3,78.16
712,28-06-2023,9,100,1095,2,283.63,567.26,32.7
713,14-06-2023,5,115,1042,5,307.52,1537.6,186.83
714,01-12-2024,10,150,1092,3,196.05,588.15,67.23
715,27-03-2024,7,115,1193,2,52.02,104.04,28.11
716,18-01-2024,10,107,1023,3,418.26,1254.78,159.25
717,13-08-2024,6,133,1180,2,184.28,368.56,75.03
718,09-03-2024,7,147,1024,2,466.44,932.88,141.91
719,25-10-2023,4,146,1014,3,167.83,503.49,46.22
720,19-01-2024,8,140,1098,4,259.49,1037.96,138.83
721,07-06-2024,1,133,1112,1,163.25,163.25,37.66
722,18-07-2024,10,149,1179,5,175.53,877.65,206.1
723,17-06-2024,8,148,1169,5,480.37,2401.85,493.23
724,09-10-2023,4,144,1182,5,30.7,153.5,9.13
725,29-10-2024,2,109,1093,1,371.43,371.43,52.16
726,05-04-2025,9,130,1023,3,322.29,966.87,125.16
727,08-02-2024,7,104,1188,4,360.68,1442.72,92.7
728,16-11-2024,2,115,1068,2,63.23,126.46,10.84
729,25-07-2023,1,112,1194,5,176.78,883.9,182.24
730,07-11-2024,7,150,1178,1,235.32,235.32,40.37
731,31-05-2023,8,139,1109,3,491.81,1475.43,181.06
732,29-09-2024,9,148,1061,5,423.53,2117.65,472.76
733,11-11-2024,1,102,1142,5,245.08,1225.4,102.52
734,05-09-2024,7,131,1189,5,125.77,628.85,39.06
735,25-12-2023,5,131,1088,2,456.78,913.56,244.68
736,27-08-2024,1,142,1020,1,321.83,321.83,59.48
737,02-12-2023,4,146,1134,2,252.89,505.78,32.04
738,17-02-2025,9,141,1140,5,470.38,2351.9,595.51
739,06-10-2024,5,121,1126,1,355.92,355.92,32.07
740,24-05-2024,1,112,1090,2,416.69,833.38,214.05
741,03-08-2023,3,128,1173,4,126.77,507.08,49.77
742,26-05-2024,4,125,1126,2,270.91,541.82,51.84
743,19-02-2024,6,131,1192,2,338.5,677,137.29
744,17-11-2023,8,150,1116,2,371.76,743.52,130.73
745,19-05-2023,2,103,1131,3,127.08,381.24,70.08
746,01-11-2023,6,124,1139,4,488.61,1954.44,208.17
747,17-12-2023,6,120,1063,5,212.62,1063.1,223.6
748,23-05-2024,10,130,1141,2,465.91,931.82,252.99
749,08-08-2024,9,113,1144,3,240.99,722.97,176.63
750,01-08-2024,10,103,1013,3,247.51,742.53,39.98
751,27-09-2024,5,123,1057,4,325.38,1301.52,236.82
752,31-03-2024,1,126,1018,3,200.57,601.71,53.19
753,21-11-2023,6,144,1107,5,421.86,2109.3,164.74
754,22-06-2023,3,106,1171,1,225.71,225.71,24.89
755,20-04-2024,8,129,1017,4,245.48,981.92,61.9
756,15-05-2023,9,132,1119,3,32.64,97.92,23.71
757,18-02-2025,4,150,1172,5,133.44,667.2,64.87
758,05-07-2024,3,123,1011,5,52.98,264.9,65.69
759,09-06-2024,8,104,1009,2,396.24,792.48,83.62
760,04-02-2024,8,128,1064,5,39.76,198.8,37.98
761,17-09-2023,1,109,1114,1,390.99,390.99,41.26
762,17-06-2023,4,127,1147,3,40.37,121.11,8.07
763,31-07-2023,7,141,1190,2,248.84,497.68,116.24
764,03-09-2024,3,125,1003,4,169.85,679.4,75.62
765,04-06-2024,8,103,1093,5,128.47,642.35,120.39
766,19-08-2024,1,103,1134,2,265.64,531.28,49.21
767,09-08-2023,3,123,1107,1,292.84,292.84,26.56
768,18-04-2023,2,111,1052,5,70.3,351.5,67.88
769,11-03-2025,6,139,1103,2,260.7,521.4,98.79
770,06-04-2025,9,144,1063,4,363.23,1452.92,103.35
771,10-10-2023,6,148,1024,5,37.35,186.75,48.32
772,03-11-2023,2,150,1033,3,143.89,431.67,39.56
773,15-06-2023,5,117,1153,2,214.13,428.26,117.77
774,26-08-2024,1,134,1030,3,404.52,1213.56,324.38
775,08-05-2024,8,104,1067,3,169.44,508.32,133.79
776,20-11-2024,6,139,1068,4,258.12,1032.48,183.29
777,10-05-2023,10,124,1040,4,56.99,227.96,60.85
778,23-06-2024,2,106,1167,4,43.45,173.8,12.05
779,15-03-2024,6,150,1058,5,42.8,214,36.55
780,28-12-2024,8,114,1032,2,380.32,760.64,110.17
781,15-09-2023,8,116,1008,4,301,1204,88.16
782,22-12-2024,5,127,1041,2,438.22,876.44,193.72
783,31-01-2025,10,105,1179,3,298.57,895.71,58.85
784,25-03-2025,2,115,1153,4,192.66,770.64,47.63
785,20-06-2023,10,114,1029,4,271.98,1087.92,149.2
786,19-06-2023,3,121,1014,5,31.12,155.6,39.54
787,16-01-2025,7,125,1079,4,18.13,72.52,10.29
788,12-05-2023,1,105,1063,5,441.15,2205.75,392.56
789,19-05-2024,7,115,1072,2,70.97,141.94,39.77
790,09-07-2024,1,148,1192,5,389.48,1947.4,188.87
791,05-07-2024,2,104,1141,1,386.38,386.38,45.21
792,10-07-2024,9,104,1146,3,126.11,378.33,99.49
793,03-05-2023,8,124,1137,1,276.02,276.02,63.21
794,09-12-2023,5,119,1074,5,21.29,106.45,17.87
795,02-03-2024,9,119,1109,3,194.75,584.25,141.03
796,19-06-2023,6,134,1121,3,370.79,1112.37,120.41
797,18-11-2024,9,103,1003,2,56.47,112.94,13.29
798,11-04-2024,9,116,1089,5,463.47,2317.35,525.88
799,22-10-2023,7,128,1086,1,360.27,360.27,20.51
800,29-05-2023,2,145,1096,4,444.14,1776.56,317.02
801,28-03-2025,2,129,1149,4,196.33,785.32,195.62
802,08-02-2024,4,116,1158,3,454.45,1363.35,370.39
803,09-06-2023,5,147,1132,1,360.27,360.27,20.46
804,26-09-2024,5,100,1020,4,431.18,1724.72,415.62
805,25-10-2024,1,117,1144,4,259.49,1037.96,169.5
806,17-06-2023,2,106,1167,1,390.29,390.29,89.54
807,22-06-2024,1,108,1174,2,175.73,351.46,33.03
808,30-08-2023,8,143,1118,5,492.62,2463.1,708.22
809,17-08-2023,8,109,1184,3,257.96,773.88,225.15
810,11-05-2024,10,104,1065,4,17.35,69.4,20.06
811,31-01-2024,6,138,1069,2,117.71,235.42,41.17
812,05-01-2025,10,134,1087,4,135.12,540.48,97.37
813,26-07-2024,1,137,1024,5,248.43,1242.15,169.83
814,21-09-2023,6,149,1190,2,437.18,874.36,104.26
815,20-07-2023,10,136,1031,3,79.75,239.25,36
816,20-10-2023,10,119,1101,2,169.62,339.24,70.65
817,09-07-2024,3,124,1078,1,263.16,263.16,25.28
818,17-01-2025,4,114,1151,4,363.86,1455.44,368.15
819,05-07-2024,6,104,1087,1,118.89,118.89,24.03
820,26-11-2023,9,109,1029,4,354.35,1417.4,170.68
821,09-08-2023,6,134,1182,5,407.09,2035.45,204.72
822,12-02-2024,3,140,1005,5,451.45,2257.25,443.07
823,27-07-2024,10,125,1049,5,221.35,1106.75,118.22
824,04-11-2023,4,142,1172,3,304.92,914.76,158
825,30-05-2023,4,122,1130,2,128.58,257.16,49.32
826,24-10-2024,5,150,1082,1,269.73,269.73,66.31
827,06-08-2024,5,136,1047,1,483.01,483.01,31.84
828,30-04-2023,1,127,1014,5,195.84,979.2,189.95
829,25-09-2023,1,104,1114,1,413.74,413.74,113.89
830,16-11-2023,8,132,1114,5,102.54,512.7,85.78
831,03-12-2024,5,124,1072,2,410.99,821.98,156.01
832,11-08-2023,5,124,1136,5,302.89,1514.45,344.93
833,25-07-2023,10,101,1131,2,260.82,521.64,36.49
834,02-11-2023,5,126,1113,4,324.03,1296.12,380.82
835,29-09-2023,3,138,1180,3,44.15,132.45,11.31
836,25-02-2025,6,109,1051,4,293.74,1174.96,243.84
837,14-02-2025,8,149,1173,1,475.54,475.54,96.47
838,01-06-2024,5,135,1181,2,294.45,588.9,92
839,08-05-2024,9,118,1095,4,339.06,1356.24,126.75
840,22-03-2025,10,141,1132,2,244.37,488.74,112.39
841,30-03-2024,8,122,1017,5,96.44,482.2,140.25
842,28-06-2024,10,117,1006,1,358.32,358.32,95.5
843,23-12-2023,3,135,1053,3,357.97,1073.91,232.88
844,14-09-2024,6,130,1109,1,76.84,76.84,22.76
845,11-03-2024,5,119,1188,5,191.87,959.35,102.05
846,06-09-2023,4,101,1006,1,300.21,300.21,49.73
847,12-03-2024,4,107,1077,1,320.51,320.51,53.72
848,20-01-2025,10,145,1146,5,161.98,809.9,189.5
849,29-12-2024,2,131,1194,3,108.49,325.47,71.51
850,03-04-2025,1,133,1172,5,235.47,1177.35,83.42
851,28-10-2023,1,108,1173,5,425.57,2127.85,528.01
852,20-04-2023,5,147,1078,5,322.47,1612.35,171.85
853,17-12-2023,9,138,1037,3,363.13,1089.39,209.88
854,26-06-2024,1,143,1090,5,41.95,209.75,38.46
855,08-03-2024,6,101,1137,1,310.19,310.19,47.66
856,18-01-2025,6,109,1044,2,69.73,139.46,38.45
857,25-02-2025,8,112,1041,2,82.2,164.4,11.02
858,25-11-2023,4,104,1140,2,147.51,295.02,38.07
859,12-09-2023,7,119,1065,2,267.24,534.48,123
860,01-07-2023,8,121,1095,5,83.67,418.35,100.48
861,18-04-2023,4,150,1125,1,50.13,50.13,5.54
862,13-04-2025,1,129,1005,5,359.25,1796.25,419.78
863,23-04-2023,3,129,1139,2,254.75,509.5,150.91
864,10-07-2023,2,100,1107,2,34.87,69.74,14.32
865,07-01-2025,3,114,1133,1,212.54,212.54,57.99
866,16-02-2025,8,110,1158,3,206.09,618.27,133.84
867,21-10-2023,4,145,1185,5,50.72,253.6,44.28
868,20-10-2024,1,120,1157,5,308.42,1542.1,346.09
869,04-01-2025,2,103,1149,3,416.61,1249.83,140.37
870,22-02-2025,10,137,1100,3,262.74,788.22,218.28
871,25-04-2023,4,119,1135,4,141.95,567.8,108.12
872,19-02-2024,4,116,1006,3,17.39,52.17,15.61
873,19-02-2025,4,114,1193,5,238.29,1191.45,258.34
874,10-01-2024,8,128,1161,5,21.43,107.15,13.2
875,05-05-2024,2,136,1017,2,343.44,686.88,51.98
876,05-04-2025,2,115,1140,5,136.32,681.6,34.82
877,04-05-2024,3,133,1147,2,339.35,678.7,132.45
878,24-05-2023,8,128,1073,5,75.66,378.3,67.9
879,08-01-2024,1,106,1012,5,26.01,130.05,16.82
880,20-07-2024,4,108,1150,2,444.62,889.24,244.3
881,08-12-2024,6,103,1180,3,357.66,1072.98,298.58
882,06-07-2024,4,136,1177,3,212.54,637.62,121.33
883,11-12-2023,8,142,1002,5,212.15,1060.75,229.18
884,26-06-2024,10,115,1016,5,418.07,2090.35,271.81
885,02-11-2023,9,149,1010,3,24.73,74.19,6.3
886,30-07-2023,1,135,1154,3,439.97,1319.91,198.89
887,29-05-2024,3,143,1088,5,311.05,1555.25,435.39
888,01-03-2024,10,149,1097,5,436.35,2181.75,144.05
889,30-01-2024,1,129,1115,1,164.52,164.52,26.19
890,21-01-2024,7,150,1108,1,27.05,27.05,3.79
891,22-08-2024,7,106,1038,2,466.32,932.64,177.95
892,25-11-2024,7,132,1186,2,215.15,430.3,58.02
893,30-09-2024,5,127,1040,3,261.68,785.04,195.14
894,29-01-2025,4,134,1051,1,39.16,39.16,2.49
895,14-06-2024,2,141,1114,1,466.88,466.88,85.71
896,16-01-2024,2,132,1025,3,208.55,625.65,41.29
897,23-06-2024,1,104,1153,1,370.72,370.72,106.31
898,18-05-2024,8,127,1198,2,54.25,108.5,29.82
899,08-06-2024,9,115,1128,5,226.44,1132.2,279.44
900,08-09-2024,9,145,1077,2,426.34,852.68,252.21
901,26-08-2024,4,118,1116,3,92.43,277.29,29.44
902,24-06-2023,1,113,1157,3,373.11,1119.33,61.07
903,29-01-2025,8,146,1101,3,149.85,449.55,72.28
904,08-05-2023,4,145,1062,3,194.57,583.71,109.93
905,25-12-2024,8,102,1096,5,352.29,1761.45,415.72
906,27-05-2023,3,118,1089,3,69.55,208.65,42.38
907,27-12-2024,10,119,1019,1,424.91,424.91,74.05
908,08-08-2024,7,145,1027,5,103.72,518.6,60.44
909,04-02-2025,6,136,1162,4,213.25,853,240.83
910,13-01-2024,2,114,1156,1,103.63,103.63,7.21
911,17-04-2024,10,141,1131,2,155.05,310.1,42.73
912,29-06-2024,9,100,1034,2,34.45,68.9,7.29
913,28-11-2024,2,148,1185,4,348.76,1395.04,77.3
914,09-09-2024,10,109,1173,3,274.33,822.99,54.75
915,25-02-2024,8,150,1117,5,376.12,1880.6,197.77
916,08-09-2024,8,133,1127,5,51.79,258.95,36.42
917,06-06-2024,2,132,1134,3,54.22,162.66,48.56
918,16-08-2024,6,122,1157,5,164.46,822.3,139.59
919,01-10-2024,2,150,1035,5,291.38,1456.9,426.22
920,04-01-2025,2,132,1181,3,464.86,1394.58,186.63
921,04-06-2024,2,113,1071,4,102.3,409.2,105.42
922,23-01-2024,3,110,1192,3,498.43,1495.29,188.04
923,02-09-2024,1,114,1117,4,261.37,1045.48,161.38
924,19-07-2023,4,143,1041,2,465.9,931.8,218.21
925,15-05-2024,4,116,1067,1,298.81,298.81,24.67
926,06-03-2025,4,124,1013,2,299.65,599.3,160.15
927,01-10-2023,8,141,1055,3,213.01,639.03,31.98
928,18-05-2024,10,120,1136,3,325.2,975.6,117.85
929,07-12-2024,10,122,1025,2,337.16,674.32,98.36
930,11-03-2024,8,115,1107,2,453.71,907.42,250.52
931,10-11-2023,9,138,1177,3,397.11,1191.33,240.9
932,17-07-2023,7,127,1127,2,17.67,35.34,7.97
933,27-03-2024,4,141,1159,1,141.8,141.8,26.1
934,12-03-2024,10,148,1162,3,388.15,1164.45,151.44
935,20-01-2024,6,127,1043,5,419.98,2099.9,529.06
936,26-02-2024,7,146,1042,5,433.15,2165.75,269.57
937,16-02-2024,6,131,1192,2,95.18,190.36,17.29
938,04-01-2025,9,115,1024,2,394.11,788.22,234.36
939,06-12-2023,10,148,1035,1,481.01,481.01,26.09
940,18-04-2024,8,118,1075,2,208.93,417.86,33.69
941,08-09-2023,5,149,1105,1,437.05,437.05,44.98
942,03-12-2024,7,133,1058,3,278.62,835.86,69
943,18-06-2024,1,140,1143,3,254.57,763.71,187.06
944,25-12-2023,5,113,1148,1,479.49,479.49,96.62
945,13-06-2024,5,106,1057,3,394.18,1182.54,123.18
946,22-12-2024,10,108,1171,2,285.42,570.84,157.75
947,28-12-2023,6,107,1194,3,201.55,604.65,122.66
948,15-04-2024,4,102,1073,1,172.09,172.09,40.35
949,17-02-2024,3,124,1082,3,209.87,629.61,100.67
950,09-03-2024,6,104,1018,5,260.73,1303.65,303.33
951,22-11-2023,6,115,1137,2,202.63,405.26,52.95
952,02-01-2025,3,109,1131,3,475.72,1427.16,404.16
953,10-12-2023,2,131,1144,4,341.81,1367.24,384.22
954,28-10-2023,4,135,1056,3,386.87,1160.61,78.99
955,14-12-2023,3,120,1045,4,275.03,1100.12,221.31
956,28-04-2023,9,109,1033,2,206.05,412.1,103.3
957,03-05-2024,5,144,1138,4,37,148,39.06
958,04-01-2025,5,135,1138,3,127.69,383.07,112.9
959,26-09-2023,5,117,1068,1,469.28,469.28,27.13
960,08-04-2024,4,117,1181,2,468.37,936.74,196.16
961,21-12-2023,4,149,1186,2,270.6,541.2,111.35
962,14-11-2023,3,115,1173,3,113.54,340.62,86.18
963,04-04-2024,1,134,1127,4,20.81,83.24,11.57
964,13-02-2024,1,110,1043,2,120.64,241.28,49.55
965,05-06-2023,9,116,1161,1,369.85,369.85,46.21
966,21-01-2024,5,149,1009,1,486.14,486.14,28.6
967,20-09-2024,8,106,1171,3,333.26,999.78,96.95
968,29-11-2023,6,149,1052,4,410.89,1643.56,186.39
969,13-11-2023,4,120,1040,3,445.43,1336.29,291.74
970,24-03-2025,9,143,1119,5,495.36,2476.8,630.14
971,08-09-2024,2,134,1178,5,494.01,2470.05,708.82
972,15-06-2024,3,149,1048,1,298.15,298.15,25.62
973,16-09-2024,7,133,1032,4,432.3,1729.2,261.68
974,12-03-2024,9,149,1007,2,380.74,761.48,124.78
975,20-05-2024,7,124,1102,4,246.53,986.12,110.66
976,20-03-2025,5,103,1104,5,166.83,834.15,98.18
977,28-03-2024,6,120,1076,5,434.96,2174.8,338.93
978,12-10-2023,2,122,1064,5,182.06,910.3,118.72
979,13-10-2023,4,134,1144,3,383.55,1150.65,109.86
980,10-06-2024,1,102,1137,3,405.7,1217.1,213.47
981,04-11-2024,4,130,1090,3,188.08,564.24,53.05
982,04-05-2024,5,102,1130,1,480.53,480.53,123.32
983,10-04-2024,5,133,1076,3,248.55,745.65,75.01
984,12-01-2025,5,113,1109,4,447.16,1788.64,138.03
985,24-10-2024,10,122,1026,5,436.03,2180.15,158.41
986,09-07-2024,5,144,1146,1,67.37,67.37,8.66
987,28-01-2025,1,149,1173,3,17.26,51.78,5.2
988,27-12-2023,2,145,1105,5,36.96,184.8,26.4
989,17-05-2023,8,139,1060,2,148.25,296.5,55.76
990,29-03-2024,1,133,1022,1,248.71,248.71,40.52
991,11-08-2023,10,144,1131,2,107.34,214.68,38.69
992,21-10-2023,4,121,1107,1,454.62,454.62,65.16
993,27-04-2023,2,149,1132,4,57.51,230.04,60.91
994,22-04-2023,4,104,1103,5,222.56,1112.8,273.68
995,16-05-2023,10,107,1195,1,204.32,204.32,33.61
996,28-03-2025,9,103,1034,2,94.14,188.28,16.85
997,05-11-2024,7,134,1127,3,82.94,248.82,54.73
998,06-03-2025,6,143,1189,2,296.16,592.32,75.76
999,01-04-2024,3,150,1189,5,395.62,1978.1,272.87
1000,04-05-2023,3,127,1071,4,317.45,1269.8,230.7
1001,28-05-2024,3,102,1052,2,129.24,258.48,43.42
1002,21-08-2024,5,114,1007,2,44.74,89.48,7.01
1003,08-08-2023,7,146,1138,1,420.92,420.92,29.46
1004,17-10-2023,2,106,1085,3,470.34,1411.02,406.16
1005,25-08-2023,3,103,1196,3,274.37,823.11,197.8
1006,29-04-2024,3,144,1167,1,301.68,301.68,64.86
1007,10-02-2025,8,150,1009,4,399.37,1597.48,399.75
1008,16-02-2024,10,147,1028,2,487.34,974.68,267.87
1009,09-10-2024,2,127,1194,1,81.38,81.38,8.8
1010,15-11-2024,1,144,1004,2,302.57,605.14,173.58
1011,25-09-2023,9,146,1129,4,119.08,476.32,89.8
1012,10-01-2025,3,115,1191,5,314.32,1571.6,86.11
1013,02-01-2024,10,135,1139,3,162.57,487.71,28.64
1014,16-03-2025,9,114,1054,2,123.84,247.68,57.94
1015,08-09-2024,7,146,1064,3,161.96,485.88,29.82
1016,13-08-2024,7,104,1009,1,472.77,472.77,116.53
1017,21-09-2024,5,109,1027,4,152.65,610.6,31.11
1018,18-09-2023,6,134,1075,5,229.39,1146.95,244.65
1019,03-03-2024,9,126,1022,1,56.95,56.95,14.09
1020,16-01-2025,4,143,1079,3,118.43,355.29,23.99
1021,13-11-2023,9,114,1101,1,478.23,478.23,97.75
1022,15-11-2023,1,107,1065,4,445.2,1780.8,358.42
1023,08-03-2024,5,135,1148,2,183.52,367.04,101.91
1024,23-02-2024,9,114,1124,5,239.92,1199.6,232.81
1025,27-05-2023,7,107,1023,4,493.74,1974.96,483.31
1026,24-03-2024,1,120,1064,1,179.51,179.51,13.03
1027,19-01-2024,2,117,1195,2,157.38,314.76,31.74
1028,26-06-2023,2,138,1093,2,280.67,561.34,47.03
1029,10-06-2024,10,126,1029,4,294.48,1177.92,178.05
1030,07-02-2024,8,123,1137,1,252.15,252.15,38.69
1031,07-01-2024,9,127,1035,4,363.86,1455.44,435.93
1032,16-09-2024,1,111,1199,5,240.93,1204.65,137.96
1033,22-02-2025,2,104,1126,2,135.27,270.54,72.26
1034,28-03-2024,9,148,1173,3,382.03,1146.09,288.67
1035,31-12-2023,5,148,1102,2,447.65,895.3,164.29
1036,13-06-2023,2,140,1092,1,92.57,92.57,15.41
1037,02-02-2025,8,134,1196,3,194.61,583.83,71.32
1038,17-03-2025,7,105,1184,1,215.05,215.05,57.72
1039,01-12-2023,5,150,1121,4,69.4,277.6,20.02
1040,22-07-2023,5,149,1112,1,168.67,168.67,21.4
1041,15-12-2024,1,125,1082,5,150.68,753.4,206.77
1042,19-07-2023,2,108,1155,5,234.68,1173.4,162.25
1043,17-07-2023,1,115,1039,3,155.08,465.24,94.57
1044,29-12-2024,9,150,1101,1,91.99,91.99,20.12
1045,25-03-2024,1,148,1105,4,147.79,591.16,166.83
1046,05-03-2025,6,109,1031,4,104.87,419.48,76.85
1047,07-09-2023,9,132,1025,5,19.58,97.9,7.95
1048,23-05-2023,9,114,1137,4,370.18,1480.72,116.33
1049,30-07-2024,3,102,1021,4,175.77,703.08,162.44
1050,30-04-2024,10,127,1190,4,396.72,1586.88,160.28
1051,28-07-2023,2,145,1099,2,105.83,211.66,39.29
1052,18-12-2024,10,110,1186,2,271.72,543.44,102.6
1053,01-07-2023,8,143,1144,5,87.15,435.75,74.46
1054,14-11-2023,4,110,1142,1,496.1,496.1,67.59
1055,10-01-2024,10,131,1116,5,375.53,1877.65,391.56
1056,19-08-2023,8,116,1072,1,145.29,145.29,25.25
1057,09-05-2024,10,112,1180,3,239.62,718.86,182.82
1058,29-04-2023,3,118,1094,5,203.18,1015.9,297.69
1059,20-06-2023,3,141,1090,3,179.49,538.47,41.54
1060,18-01-2024,9,133,1101,1,240.85,240.85,53.31
1061,07-10-2023,6,138,1028,2,194.17,388.34,71.61
1062,22-07-2024,2,102,1123,5,252.56,1262.8,358.9
1063,08-06-2024,9,141,1085,4,170.41,681.64,127.82
1064,09-10-2024,6,114,1093,3,234.18,702.54,73.52
1065,10-03-2025,2,118,1182,2,44.14,88.28,13.19
1066,18-05-2024,3,104,1123,3,151.79,455.37,31.23
1067,12-04-2025,10,125,1071,5,353.89,1769.45,319.36
1068,12-04-2025,9,127,1177,4,472.65,1890.6,556.21
1069,14-02-2025,1,142,1040,4,217.29,869.16,167.89
1070,15-04-2024,4,145,1200,2,55.51,111.02,31.89
1071,29-01-2024,7,126,1150,5,187.42,937.1,142.05
1072,16-09-2023,1,108,1059,3,207.51,622.53,113.44
1073,26-02-2024,7,118,1116,5,254.63,1273.15,340.24
1074,15-02-2025,1,125,1077,5,382.38,1911.9,156.96
1075,17-12-2023,9,118,1156,3,126.69,380.07,56.43
1076,06-11-2024,1,123,1028,3,128.65,385.95,74.53
1077,03-05-2023,10,109,1086,3,101.96,305.88,26.55
1078,02-01-2024,2,122,1101,5,87.06,435.3,114.16
1079,10-01-2025,1,148,1102,4,102.02,408.08,79
1080,01-06-2024,4,125,1057,3,54.08,162.24,15.44
1081,15-05-2024,4,143,1026,1,204.88,204.88,25.22
1082,24-09-2023,4,125,1065,1,369.59,369.59,53.89
1083,05-01-2025,2,105,1032,5,96.9,484.5,57.02
1084,28-05-2024,8,128,1107,4,306.87,1227.48,339.34
1085,03-02-2025,8,142,1178,3,350.02,1050.06,310.64
1086,12-07-2023,9,134,1186,5,134.84,674.2,61.42
1087,23-02-2025,2,133,1054,3,329.63,988.89,180.7
1088,22-06-2024,10,133,1038,4,67.11,268.44,79.09
1089,22-07-2023,1,134,1048,2,308.85,617.7,31.8
1090,31-12-2023,6,147,1142,4,214.12,856.48,81.31
1091,28-09-2024,7,112,1073,4,338.21,1352.84,343.84
1092,01-03-2024,9,121,1090,5,76.81,384.05,27.68
1093,25-12-2023,5,107,1199,1,342.99,342.99,51.23
1094,22-04-2023,5,148,1053,5,424.1,2120.5,634.23
1095,11-10-2024,8,116,1049,2,456.47,912.94,49.63
1096,04-09-2024,2,129,1085,2,240.72,481.44,87.6
1097,10-05-2024,8,136,1085,5,221.67,1108.35,280.01
1098,04-08-2023,1,147,1059,1,265.75,265.75,25.23
1099,30-09-2024,10,150,1160,3,187.69,563.07,34.58
1100,17-07-2024,2,143,1094,4,459.4,1837.6,271.63
1101,05-03-2024,6,126,1064,4,217.13,868.52,157.51
1102,15-11-2024,4,117,1008,2,360.76,721.52,77.23
1103,02-09-2024,8,113,1028,1,455.33,455.33,30.13
1104,25-12-2023,4,143,1055,3,356.84,1070.52,116.38
1105,07-11-2023,7,116,1034,5,71.06,355.3,37.35
1106,30-08-2023,2,117,1093,4,462.95,1851.8,433.38
1107,11-02-2025,1,102,1184,5,32.02,160.1,38.77
1108,06-04-2024,2,104,1155,5,289.37,1446.85,314.3
1109,14-12-2024,8,146,1052,3,18.21,54.63,8.07
1110,16-12-2024,7,118,1101,2,295.05,590.1,147.25
1111,10-01-2025,1,130,1105,2,299.16,598.32,145.89
1112,10-02-2024,5,117,1119,4,219.93,879.72,237.92
1113,17-10-2023,2,135,1179,3,469.84,1409.52,94.49
1114,25-06-2023,4,138,1076,1,270.06,270.06,42.99
1115,30-09-2023,10,129,1024,3,153.53,460.59,28.38
1116,19-10-2024,3,128,1098,1,54.92,54.92,13.26
1117,06-02-2024,4,148,1053,2,377.05,754.1,53.46
1118,07-12-2023,4,104,1148,1,185.68,185.68,15.02
1119,09-02-2024,7,112,1049,5,295.3,1476.5,248.32
1120,20-12-2024,5,150,1162,5,110.45,552.25,47.32
1121,14-10-2023,3,100,1047,5,69.85,349.25,28.95
1122,16-08-2023,10,132,1140,2,111.81,223.62,17.35
1123,17-12-2023,2,105,1028,2,78.72,157.44,42.17
1124,11-11-2023,5,138,1128,3,268.75,806.25,60.07
1125,04-06-2024,3,140,1135,4,366.3,1465.2,291.38
1126,05-08-2024,7,113,1033,4,192.06,768.24,128.28
1127,05-10-2023,5,107,1167,2,67.41,134.82,14.32
1128,06-09-2024,2,118,1055,3,446.6,1339.8,235.26
1129,26-03-2024,4,132,1087,3,328.9,986.7,172.54
1130,13-05-2023,7,107,1139,3,283.42,850.26,43.07
1131,29-09-2024,8,110,1120,2,263.39,526.78,48.71
1132,21-05-2024,2,106,1059,2,265.02,530.04,114.32
1133,21-07-2024,5,109,1150,2,400.69,801.38,207.12
1134,20-04-2023,1,110,1120,5,134.49,672.45,87.24
1135,31-10-2023,8,115,1153,2,178.36,356.72,82.33
1136,30-08-2023,10,103,1021,4,138.83,555.32,99.89
1137,15-09-2024,2,132,1075,3,200.03,600.09,92.59
1138,12-04-2024,3,109,1166,5,430.93,2154.65,491.33
1139,12-06-2024,1,110,1159,2,208.55,417.1,88.05
1140,08-03-2024,2,122,1014,3,299.12,897.36,224.09
1141,21-03-2025,7,100,1122,3,124.72,374.16,48.92
1142,19-09-2023,6,126,1114,1,95.18,95.18,9.08
1143,01-07-2023,10,116,1002,4,28.96,115.84,17.02
1144,28-11-2023,10,106,1149,3,265.25,795.75,75.39
1145,11-03-2025,3,114,1168,1,66.86,66.86,19.01
1146,02-02-2024,3,149,1192,1,370.89,370.89,65.95
1147,05-08-2024,7,118,1065,3,284.19,852.57,251.77
1148,22-03-2024,2,135,1145,4,222.96,891.84,116.54
1149,16-05-2024,7,109,1041,4,141.19,564.76,44.35
1150,12-02-2025,4,141,1188,3,115.1,345.3,31.73
1151,16-09-2024,7,116,1176,5,484.64,2423.2,339.27
1152,31-12-2023,10,126,1157,5,149.61,748.05,73.23
1153,05-11-2024,9,136,1018,4,463.66,1854.64,231.55
1154,30-01-2025,1,110,1145,3,111.48,334.44,32.74
1155,30-11-2023,3,125,1066,3,97.8,293.4,45.09
1156,15-08-2023,10,129,1188,4,499.54,1998.16,296.23
1157,20-10-2023,3,131,1137,5,369.9,1849.5,97.47
1158,29-04-2023,2,150,1097,5,111.61,558.05,104.7
1159,23-12-2023,4,146,1197,5,69.09,345.45,56.36
1160,05-06-2024,6,119,1071,4,283.05,1132.2,167.64
1161,12-08-2024,10,110,1026,1,290.05,290.05,27.91
1162,25-01-2025,2,144,1199,4,344.72,1378.88,345.69
1163,24-02-2024,8,112,1058,4,369.11,1476.44,352.18
1164,15-09-2023,7,107,1199,2,159.33,318.66,36.28
1165,24-08-2023,10,115,1060,1,401.13,401.13,30.32
1166,03-07-2023,10,111,1031,1,233.83,233.83,54.21
1167,20-11-2024,6,106,1134,1,135.4,135.4,13.01
1168,18-01-2024,1,142,1000,2,494.85,989.7,164.6
1169,01-04-2024,8,150,1065,3,243.13,729.39,71.77
1170,20-09-2023,10,103,1174,3,410.1,1230.3,312.01
1171,04-09-2023,6,116,1083,4,477.2,1908.8,287.22
1172,21-05-2024,1,114,1076,4,28.76,115.04,31.82
1173,27-04-2023,6,139,1028,2,181.73,363.46,95.52
1174,17-10-2024,1,135,1125,3,277.79,833.37,140.46
1175,20-06-2023,2,117,1166,3,320.07,960.21,115.56
1176,05-08-2023,7,150,1093,1,193.18,193.18,25.68
1177,17-09-2024,2,149,1118,4,201.78,807.12,181.45
1178,16-11-2024,9,123,1070,3,424.14,1272.42,97.4
1179,16-01-2025,4,128,1057,2,480.57,961.14,204.95
1180,20-08-2023,4,108,1024,4,188.11,752.44,139.32
1181,27-03-2025,3,145,1143,5,387.75,1938.75,453.28
1182,03-05-2023,9,121,1173,4,31.39,125.56,15.24
1183,21-07-2023,3,142,1200,3,464.96,1394.88,190.48
1184,12-10-2024,5,127,1139,3,269.71,809.13,193.46
1185,29-08-2024,9,106,1105,4,163.42,653.68,74.48
1186,17-03-2024,6,110,1164,3,397.26,1191.78,249.49
1187,25-01-2024,3,126,1084,3,20.01,60.03,9.93
1188,23-03-2025,1,103,1106,3,460.05,1380.15,312.97
1189,21-04-2024,7,142,1176,3,474.22,1422.66,131.42
1190,04-11-2024,3,121,1132,2,240.42,480.84,86.86
1191,07-07-2024,10,140,1101,3,144.8,434.4,108.41
1192,13-04-2025,10,124,1119,2,197.15,394.3,49.59
1193,16-06-2024,2,102,1124,1,412.52,412.52,71.26
1194,17-05-2023,1,148,1035,4,137.05,548.2,126.67
1195,17-03-2025,2,100,1134,4,170.22,680.88,111.99
1196,05-08-2024,4,145,1167,5,449.56,2247.8,273.03
1197,21-10-2023,9,101,1113,1,471.95,471.95,96.73
1198,02-02-2024,4,136,1181,1,146.61,146.61,23.97
1199,07-01-2025,8,126,1142,3,366.04,1098.12,209.96
1200,05-02-2024,1,108,1156,1,466.31,466.31,77.68
1201,09-12-2023,4,118,1124,1,200.73,200.73,27.82
1202,09-12-2024,8,147,1111,1,369.48,369.48,23.62
1203,16-07-2023,1,121,1092,4,479.74,1918.96,541.61
1204,22-03-2025,1,126,1131,4,81.91,327.64,39.17
1205,06-12-2023,1,124,1040,4,353.78,1415.12,377.24
1206,01-12-2023,2,115,1078,3,39.88,119.64,28.94
1207,28-12-2024,2,105,1085,1,145.59,145.59,30.4
1208,01-10-2024,9,123,1098,5,29.26,146.3,13.11
1209,30-01-2024,5,138,1154,5,384.8,1924,330.79
1210,26-07-2024,3,149,1062,3,214.76,644.28,144.84
1211,05-04-2024,2,149,1098,5,278.93,1394.65,362.43
1212,22-12-2024,6,112,1087,5,182.65,913.25,234.46
1213,07-10-2024,2,137,1096,1,321.16,321.16,70.31
1214,26-08-2023,10,132,1000,2,275.33,550.66,140.87
1215,03-04-2024,7,119,1160,2,137.97,275.94,38.83
1216,21-02-2024,10,135,1049,4,411.44,1645.76,279.41
1217,14-12-2023,3,131,1039,4,331.42,1325.68,117.36
1218,19-05-2023,9,129,1162,2,478.07,956.14,179.02
1219,08-02-2025,4,116,1185,2,445.52,891.04,96.89
1220,07-06-2024,3,122,1008,4,483.23,1932.92,334.54
1221,07-02-2025,9,135,1188,5,117.55,587.75,88.28
1222,16-03-2025,6,105,1069,4,248.3,993.2,117.53
1223,26-07-2024,4,115,1135,2,424.28,848.56,76.79
1224,06-07-2024,8,147,1144,4,82.28,329.12,23.61
1225,29-09-2023,4,132,1128,1,473.23,473.23,112.38
1226,27-12-2024,4,113,1007,3,169.97,509.91,59.81
1227,25-05-2023,7,103,1037,1,365.83,365.83,39.75
1228,19-05-2024,4,131,1148,5,126.14,630.7,186.86
1229,21-02-2024,9,131,1129,3,437.37,1312.11,347.76
1230,12-09-2024,6,135,1195,1,197.46,197.46,25.81
1231,27-01-2025,7,137,1104,1,314.09,314.09,66.9
1232,11-04-2025,8,129,1162,4,170.27,681.08,71.13
1233,29-03-2024,8,131,1195,2,270.93,541.86,91.66
1234,28-11-2024,3,140,1162,2,191.13,382.26,25
1235,17-08-2023,2,102,1064,1,89.87,89.87,22.51
1236,26-08-2024,8,106,1107,2,443.12,886.24,62.25
1237,18-05-2023,7,106,1071,1,175.24,175.24,43.28
1238,05-03-2024,4,106,1025,1,306.67,306.67,54.09
1239,19-12-2024,2,147,1176,1,399.74,399.74,106.69
1240,18-04-2024,5,116,1119,4,150.07,600.28,119.91
1241,07-02-2025,10,149,1104,3,120.17,360.51,92.02
1242,06-09-2023,6,140,1144,5,268.31,1341.55,92.36
1243,22-05-2023,2,147,1014,5,422.37,2111.85,546.45
1244,05-03-2024,9,116,1018,4,358.19,1432.76,108.16
1245,09-11-2024,9,107,1020,1,203.39,203.39,43.3
1246,26-12-2023,6,109,1084,3,335.08,1005.24,262.9
1247,05-07-2023,10,131,1105,3,29.41,88.23,17.3
1248,09-11-2024,5,121,1057,2,418.13,836.26,150.47
1249,02-06-2024,5,142,1016,3,361.29,1083.87,295.21
1250,11-01-2024,3,111,1135,2,304.01,608.02,96.89
1251,02-07-2024,6,107,1104,5,443.71,2218.55,579.77
1252,03-02-2025,3,122,1005,5,62.7,313.5,69.04
1253,07-09-2024,4,136,1027,1,47.57,47.57,12.18
1254,26-12-2024,5,101,1046,5,46.66,233.3,23.59
1255,11-11-2024,10,133,1089,5,469.74,2348.7,580.42
1256,21-09-2024,4,135,1200,4,237.18,948.72,267.71
1257,04-03-2025,6,130,1015,4,441.76,1767.04,155.27
1258,30-03-2025,4,125,1047,3,23.12,69.36,19.21
1259,27-08-2024,5,144,1062,4,437.58,1750.32,137.15
1260,12-05-2023,8,121,1158,5,279.44,1397.2,327.99
1261,11-03-2025,9,150,1131,4,131.76,527.04,124.27
1262,07-05-2024,6,131,1179,4,292.28,1169.12,70.72
1263,21-03-2025,7,145,1021,5,126.3,631.5,189.09
1264,30-12-2023,1,102,1175,5,50.73,253.65,47.69
1265,08-06-2024,8,145,1059,3,343.87,1031.61,245.24
1266,26-10-2024,3,145,1048,3,306.39,919.17,158
1267,20-10-2023,6,147,1141,1,175.72,175.72,19.52
1268,25-06-2023,6,135,1038,3,238.63,715.89,94.88
1269,31-01-2025,6,140,1043,4,492.59,1970.36,175.18
1270,02-03-2025,8,113,1000,5,65.5,327.5,90.48
1271,24-03-2024,9,137,1071,3,36.05,108.15,9.04
1272,19-06-2023,4,150,1025,3,11.05,33.15,2.86
1273,12-02-2025,7,140,1015,3,180.39,541.17,93.31
1274,26-04-2024,7,103,1178,3,310.04,930.12,100.7
1275,15-08-2024,4,105,1178,1,61.57,61.57,18.17
1276,16-11-2023,6,147,1006,5,56.15,280.75,82.72
1277,26-06-2024,5,105,1144,1,204.35,204.35,56.71
1278,10-07-2024,10,110,1200,1,412.67,412.67,95.11
1279,15-11-2024,1,123,1130,3,137.23,411.69,41.25
1280,02-12-2023,8,115,1144,2,155.46,310.92,66.33
1281,01-06-2023,1,140,1151,4,280.3,1121.2,185.5
1282,28-05-2024,4,123,1007,5,260.83,1304.15,136
1283,07-03-2024,7,121,1092,1,34.04,34.04,5.07
1284,18-10-2023,3,144,1116,5,315.5,1577.5,298.15
1285,04-05-2024,5,108,1093,2,296.11,592.22,34.34
1286,07-06-2023,1,122,1055,2,196.94,393.88,43.66
1287,05-02-2025,1,148,1078,4,129.67,518.68,55.9
1288,16-01-2025,4,145,1090,4,451.08,1804.32,322.63
1289,18-09-2023,6,123,1039,1,102.63,102.63,23.08
1290,01-07-2023,4,136,1082,2,445.57,891.14,119.65
1291,04-11-2024,10,102,1122,1,97.51,97.51,13.49
1292,06-09-2023,10,112,1164,1,263.92,263.92,77.07
1293,10-02-2024,6,141,1073,5,339.49,1697.45,372.1
1294,04-03-2025,6,138,1190,1,432.71,432.71,86.63
1295,05-10-2023,4,123,1080,3,32.43,97.29,26.64
1296,11-12-2023,7,138,1093,4,74.7,298.8,45.78
1297,11-08-2024,10,129,1075,1,411.64,411.64,58.15
1298,22-10-2024,1,119,1067,4,37.65,150.6,44.98
1299,04-07-2023,4,133,1061,5,186.15,930.75,184.28
1300,12-08-2023,4,107,1135,4,236.72,946.88,178.06
1301,25-06-2024,10,115,1191,5,165.06,825.3,78.7
1302,21-01-2025,6,109,1025,5,262.42,1312.1,154.26
1303,25-08-2023,8,150,1182,3,291.98,875.94,50.24
1304,05-06-2024,8,134,1194,2,489.87,979.74,97.92
1305,12-08-2023,6,141,1032,3,310.45,931.35,104.68
1306,26-07-2023,10,105,1188,4,173.18,692.72,178.76
1307,25-03-2025,5,126,1045,1,68.28,68.28,3.8
1308,04-06-2024,8,108,1040,5,477.39,2386.95,282.29
1309,21-09-2023,9,104,1134,2,221.6,443.2,35.07
1310,11-12-2023,6,100,1075,3,325.63,976.89,60.49
1311,27-12-2023,9,141,1115,5,174.34,871.7,86.67
1312,06-07-2023,6,148,1058,5,56.29,281.45,42.74
1313,26-05-2024,7,144,1160,4,334.31,1337.24,288.15
1314,15-11-2024,5,107,1021,2,79.66,159.32,29.58
1315,22-08-2023,8,143,1016,2,376.82,753.64,148.9
1316,16-07-2024,5,107,1107,2,276.8,553.6,53.43
1317,29-08-2024,4,125,1157,2,39.22,78.44,5.39
1318,18-10-2023,1,127,1082,4,308.47,1233.88,345.45
1319,16-12-2023,10,144,1040,2,495.94,991.88,170.93
1320,13-01-2025,1,118,1056,5,459.22,2296.1,607.86
1321,13-12-2023,2,122,1160,2,36.43,72.86,15.95
1322,31-01-2025,6,115,1130,3,366.64,1099.92,318.42
1323,16-01-2024,9,125,1055,3,434.92,1304.76,370.39
1324,17-07-2024,10,143,1187,3,83.36,250.08,61.28
1325,15-04-2023,2,134,1056,5,360.22,1801.1,364.91
1326,26-02-2024,5,109,1144,5,118.79,593.95,32.02
1327,15-09-2023,10,118,1119,4,336.31,1345.24,84.07
1328,14-12-2024,6,114,1069,1,246.72,246.72,35.83
1329,07-06-2024,8,141,1169,3,34.54,103.62,20.98
1330,03-05-2024,5,126,1068,1,352.1,352.1,65.14
1331,31-03-2024,2,120,1009,4,71.04,284.16,24.88
1332,13-05-2024,6,119,1071,5,313.68,1568.4,277.42
1333,30-08-2023,6,107,1056,1,472.86,472.86,73.34
1334,19-05-2023,3,144,1188,1,220.67,220.67,11.61
1335,20-08-2024,9,129,1075,5,143.7,718.5,181.09
1336,11-08-2024,1,134,1123,4,57.42,229.68,59.53
1337,23-02-2025,4,107,1168,1,83.08,83.08,21.23
1338,07-02-2024,1,140,1035,5,148.81,744.05,162.49
1339,16-07-2024,9,124,1113,5,401.39,2006.95,430.77
1340,16-10-2023,10,140,1062,1,275.84,275.84,33.55
1341,08-08-2024,8,120,1086,1,119.93,119.93,14.89
1342,12-02-2024,3,105,1104,3,418.76,1256.28,314.14
1343,28-03-2024,4,119,1164,4,142.56,570.24,136.72
1344,29-10-2024,3,125,1017,4,380.55,1522.2,323.67
1345,21-11-2024,2,138,1029,3,463.22,1389.66,396.24
1346,14-03-2025,1,127,1108,2,97.61,195.22,45.32
1347,16-08-2024,5,104,1115,2,366.78,733.56,173.79
1348,26-02-2025,1,104,1179,5,329.98,1649.9,338.73
1349,22-07-2023,3,132,1144,5,209.64,1048.2,114.4
1350,05-07-2024,5,131,1060,2,91.81,183.62,25.03
1351,04-01-2025,8,133,1158,5,15.44,77.2,17.62
1352,28-01-2024,1,100,1030,3,129.12,387.36,28.27
1353,11-07-2023,5,128,1107,3,112.2,336.6,45.98
1354,03-10-2024,5,143,1162,4,197.85,791.4,118.82
1355,08-05-2024,3,121,1049,3,246.11,738.33,146.41
1356,09-05-2023,7,135,1167,5,301.54,1507.7,436.75
1357,28-10-2023,10,107,1045,3,209.36,628.08,47.82
1358,18-11-2024,8,110,1149,2,135.93,271.86,29.81
1359,06-01-2025,4,127,1155,2,471,942,72.05
1360,22-06-2024,2,117,1139,4,469.69,1878.76,196.99
1361,08-09-2024,10,127,1101,3,357.98,1073.94,61.13
1362,13-08-2024,3,149,1004,1,394.72,394.72,97.06
1363,16-10-2024,3,137,1142,4,482.18,1928.72,177.64
1364,03-10-2023,5,116,1088,3,450.12,1350.36,372.36
1365,07-04-2025,4,138,1017,5,135.33,676.65,109.86
1366,15-07-2024,8,145,1185,2,222.67,445.34,38.19
1367,21-11-2024,9,109,1059,3,434.7,1304.1,270.5
1368,11-11-2023,9,128,1108,1,75.15,75.15,21.45
1369,12-07-2024,2,118,1118,5,154.54,772.7,108.05
1370,26-06-2023,2,148,1054,2,224.72,449.44,22.63
1371,09-12-2024,1,137,1091,5,463.83,2319.15,676.62
1372,20-02-2024,7,123,1002,1,307.03,307.03,34.49
1373,09-12-2023,9,105,1104,3,448.93,1346.79,301.67
1374,24-01-2024,5,150,1051,4,265.26,1061.04,150.26
1375,14-05-2024,5,112,1131,3,366.41,1099.23,224.28
1376,19-04-2023,3,132,1108,1,443.83,443.83,48.13
1377,27-09-2024,8,137,1098,5,399.78,1998.9,252.19
1378,30-01-2024,4,126,1064,2,436.73,873.46,227.39
1379,06-10-2023,1,105,1168,4,303.83,1215.32,109.92
1380,05-07-2024,6,116,1097,1,469.96,469.96,96.31
1381,19-12-2023,6,114,1181,3,49.51,148.53,36.38
1382,07-08-2023,7,111,1138,5,333.01,1665.05,354.66
1383,28-09-2024,3,117,1109,5,497.54,2487.7,186.64
1384,30-09-2024,2,139,1023,1,443.95,443.95,38.14
1385,21-01-2025,7,140,1065,4,415.57,1662.28,266.91
1386,10-05-2023,3,113,1083,3,445.74,1337.22,86.44
1387,20-10-2023,9,121,1189,3,188.64,565.92,101.27
1388,20-07-2023,4,146,1103,3,371.5,1114.5,157.63
1389,30-09-2023,3,124,1117,1,132.72,132.72,28.61
1390,07-11-2023,2,144,1092,2,406.6,813.2,104.27
1391,02-12-2023,9,115,1198,2,398.97,797.94,177.74
1392,17-10-2024,9,130,1174,2,397.61,795.22,114.26
1393,06-06-2023,3,141,1069,4,428.9,1715.6,293.46
1394,01-03-2025,2,100,1133,3,302.45,907.35,83.02
1395,27-02-2025,9,103,1134,2,79.89,159.78,12.48
1396,03-01-2024,2,148,1116,4,144.26,577.04,139.29
1397,23-04-2024,10,105,1150,4,139.82,559.28,127.7
1398,27-01-2024,5,131,1026,3,315.25,945.75,153.97
1399,04-09-2024,3,142,1052,2,178.37,356.74,65.81
1400,21-03-2024,4,135,1185,4,35.46,141.84,13.29
1401,15-01-2025,4,127,1042,4,445.73,1782.92,161.28
1402,12-02-2024,10,109,1167,5,381.9,1909.5,373.12
1403,28-02-2024,4,114,1027,3,54.77,164.31,42.82
1404,13-07-2024,1,135,1132,5,157.29,786.45,234.8
1405,09-02-2024,9,110,1141,5,399.86,1999.3,252.61
1406,09-03-2024,9,100,1003,5,462.57,2312.85,363.21
1407,22-10-2024,5,129,1149,4,192.99,771.96,188.41
1408,06-12-2023,3,110,1043,4,415.37,1661.48,228.23
1409,16-06-2024,8,102,1168,3,311.69,935.07,161.41
1410,22-02-2025,9,138,1087,4,56.15,224.6,41.79
1411,16-05-2024,5,140,1038,2,467,934,91.02
1412,31-01-2025,10,102,1146,2,94.69,189.38,33.2
1413,21-10-2024,6,112,1012,3,306.97,920.91,221.52
1414,31-05-2024,2,116,1176,3,19.71,59.13,12.85
1415,07-09-2023,6,110,1117,3,448.79,1346.37,247.43
1416,16-01-2025,9,149,1144,4,191.58,766.32,145.05
1417,17-03-2025,8,143,1156,5,127.3,636.5,67.08
1418,29-12-2023,8,119,1019,2,160.77,321.54,75.73
1419,31-10-2023,4,131,1104,5,68.93,344.65,69.04
1420,18-07-2024,3,115,1082,4,40.25,161,19.18
1421,26-08-2024,8,143,1131,3,34.38,103.14,13.4
1422,29-07-2023,1,102,1083,3,372.21,1116.63,259.45
1423,04-07-2023,8,124,1098,3,421.6,1264.8,358.62
1424,10-06-2023,2,107,1063,4,321.92,1287.68,341.31
1425,09-02-2024,7,106,1009,1,369.18,369.18,106.71
1426,07-11-2023,5,134,1108,4,374.94,1499.76,275.68
1427,08-02-2024,7,112,1167,2,323.89,647.78,92.28
1428,01-12-2024,6,136,1089,1,213.81,213.81,17.36
1429,15-11-2024,2,113,1001,2,60.02,120.04,21.44
1430,31-08-2023,5,123,1161,3,90.55,271.65,72.02
1431,03-12-2024,9,141,1147,1,337.45,337.45,37.53
1432,26-04-2023,9,122,1058,3,303.36,910.08,195.5
1433,16-04-2023,6,117,1074,2,356.71,713.42,76.96
1434,18-10-2024,1,100,1169,2,417.94,835.88,112.54
1435,16-04-2023,3,118,1147,4,179.86,719.44,196.46
1436,24-05-2024,3,145,1034,1,468.72,468.72,58.62
1437,27-04-2024,10,134,1188,3,275.4,826.2,214.58
1438,22-12-2023,9,129,1188,5,100.48,502.4,26.11
1439,21-07-2023,7,139,1126,2,399.04,798.08,233.24
1440,13-04-2025,4,110,1077,5,144.51,722.55,207.55
1441,11-05-2023,3,149,1007,5,498.62,2493.1,161.26
1442,06-09-2024,5,136,1084,3,225.4,676.2,122.29
1443,28-11-2024,7,100,1081,5,308.65,1543.25,328.38
1444,12-10-2023,9,121,1179,3,473.59,1420.77,398.11
1445,09-02-2025,3,124,1057,5,477.47,2387.35,251.74
1446,04-12-2024,3,147,1015,3,238.42,715.26,172.85
1447,21-08-2024,2,143,1000,1,344.74,344.74,81.42
1448,13-02-2024,9,148,1198,5,165.93,829.65,158.49
1449,13-03-2025,2,101,1105,5,434.22,2171.1,196.3
1450,24-06-2023,8,106,1070,1,255.43,255.43,70.48
1451,22-02-2025,6,138,1025,4,318.83,1275.32,299.4
1452,27-02-2024,2,130,1111,1,81.77,81.77,13.78
1453,24-12-2023,6,102,1064,5,183.3,916.5,146.24
1454,24-02-2024,9,100,1087,5,194.9,974.5,134.34
1455,10-10-2024,9,102,1033,5,187.19,935.95,203.12
1456,27-09-2024,1,138,1186,2,156.1,312.2,57.7
1457,06-01-2024,1,125,1143,4,319.78,1279.12,356.67
1458,11-05-2023,6,107,1091,2,186.51,373.02,51.42
1459,30-12-2024,8,126,1028,2,310.93,621.86,96.8
1460,03-04-2024,8,148,1151,2,447.43,894.86,100.08
1461,13-01-2024,2,150,1057,4,388.56,1554.24,244.09
1462,05-12-2023,9,117,1145,3,109.75,329.25,36.33
1463,23-03-2025,5,114,1101,1,385.84,385.84,47.15
1464,18-09-2023,3,120,1023,4,264.25,1057,231.76
1465,30-12-2024,10,133,1058,3,37.75,113.25,31.98
1466,20-02-2025,10,136,1139,3,299.5,898.5,117.73
1467,01-08-2024,7,133,1119,2,401.17,802.34,201.01
1468,23-08-2023,4,113,1007,3,363.13,1089.39,215.52
1469,05-08-2024,1,141,1038,3,171.72,515.16,89.94
1470,15-03-2024,10,115,1111,3,244.17,732.51,39.59
1471,07-06-2024,4,116,1085,3,360.77,1082.31,241.62
1472,25-02-2025,10,102,1183,3,403.84,1211.52,240.78
1473,01-04-2024,7,119,1104,5,426.94,2134.7,474.49
1474,01-12-2024,3,139,1062,4,299.3,1197.2,102.58
1475,01-06-2023,5,146,1088,2,464.37,928.74,80.38
1476,12-05-2024,3,141,1148,4,20.15,80.6,6.63
1477,20-01-2024,6,103,1102,5,231.02,1155.1,79.13
1478,29-05-2024,10,117,1096,2,289.25,578.5,153.05
1479,12-11-2024,6,114,1149,5,425.19,2125.95,114.79
1480,11-08-2024,2,149,1192,5,216.86,1084.3,104.06
1481,22-06-2024,3,108,1063,5,448.42,2242.1,249.18
1482,17-11-2023,10,117,1154,4,278.42,1113.68,216.68
1483,15-02-2024,10,145,1179,1,62.37,62.37,17.1
1484,13-04-2025,10,121,1185,2,440.9,881.8,154.05
1485,03-02-2025,2,131,1153,4,273.07,1092.28,307.2
1486,28-05-2023,5,100,1148,3,182.94,548.82,102.55
1487,26-09-2023,1,149,1053,5,208.5,1042.5,149.08
1488,27-08-2023,8,135,1113,5,383.64,1918.2,170.59
1489,14-12-2023,6,121,1047,3,351.86,1055.58,260.83
1490,28-02-2025,10,145,1178,2,276.43,552.86,79.73
1491,03-12-2024,5,116,1070,5,428.62,2143.1,476.62
1492,30-04-2023,10,111,1137,3,42.39,127.17,30.37
1493,14-08-2023,3,129,1186,5,394.09,1970.45,469.17
1494,14-02-2025,5,103,1025,1,206.96,206.96,17.43
1495,03-04-2024,10,135,1075,5,474.41,2372.05,559.64
1496,11-08-2023,8,124,1190,1,490.26,490.26,140.55
1497,20-02-2024,8,116,1036,5,314.83,1574.15,101.2
1498,12-08-2024,3,141,1160,3,406.54,1219.62,141.15
1499,10-06-2023,7,119,1036,2,477.11,954.22,132.64
1500,14-05-2023,10,128,1083,4,271.07,1084.28,285.63
1501,22-11-2024,4,135,1052,1,487.75,487.75,94.74
1502,23-11-2023,5,142,1027,2,225.59,451.18,126.2
1503,15-07-2024,6,119,1051,1,246.47,246.47,36.21
1504,16-06-2023,9,122,1009,2,426.5,853,89.04
1505,17-11-2023,1,119,1132,5,230.55,1152.75,211.14
1506,18-07-2024,9,135,1177,5,351.97,1759.85,403.99
1507,27-07-2024,10,150,1156,2,205.9,411.8,34.59
1508,27-06-2023,3,125,1169,3,282.84,848.52,98.87
1509,24-01-2025,2,137,1033,4,168.64,674.56,120.12
1510,19-09-2024,7,125,1028,2,459.73,919.46,271.26
1511,02-05-2024,8,118,1185,5,213.19,1065.95,74.65
1512,17-08-2023,6,109,1019,4,58.4,233.6,19.82
1513,13-08-2023,1,108,1170,5,301.54,1507.7,103.05
1514,25-04-2024,4,120,1010,4,217.85,871.4,121.29
1515,21-06-2023,4,131,1059,4,363.98,1455.92,398.48
1516,07-04-2025,1,124,1073,1,180.99,180.99,27.48
1517,02-11-2024,3,147,1060,1,397.33,397.33,70.39
1518,25-10-2024,8,114,1065,2,497.39,994.78,177.68
1519,24-09-2024,6,144,1082,3,67.76,203.28,41.52
1520,27-02-2024,1,131,1194,4,224.2,896.8,134.19
1521,26-07-2024,6,116,1132,3,159.59,478.77,126.79
1522,04-02-2025,10,100,1152,2,17.96,35.92,5.29
1523,17-08-2023,9,105,1183,2,349.58,699.16,51.85
1524,27-12-2023,6,147,1032,3,173.25,519.75,40.97
1525,19-03-2025,3,117,1181,3,288.6,865.8,85.4
1526,04-10-2023,2,139,1037,2,373.77,747.54,208.9
1527,12-07-2024,2,108,1161,1,228.2,228.2,51.98
1528,12-12-2023,9,112,1022,4,45.05,180.2,49.47
1529,22-12-2023,6,111,1095,1,316.82,316.82,75.73
1530,01-05-2024,10,118,1038,3,67.42,202.26,44.41
1531,07-11-2023,5,115,1080,2,302.02,604.04,52.51
1532,26-08-2024,4,141,1185,5,70.3,351.5,70.19
1533,01-09-2023,9,130,1024,5,318.73,1593.65,379.42
1534,10-03-2024,9,131,1172,4,247.12,988.48,289.74
1535,29-11-2024,4,106,1022,4,284.91,1139.64,153.51
1536,26-06-2024,6,127,1198,2,305.06,610.12,51.53
1537,29-12-2023,6,140,1079,1,408.48,408.48,71.9
1538,16-12-2024,8,145,1143,5,357.74,1788.7,313.92
1539,19-08-2023,8,133,1037,2,58.19,116.38,27.1
1540,15-10-2024,1,148,1175,3,458.12,1374.36,125.73
1541,30-10-2023,7,140,1130,3,418.52,1255.56,276.12
1542,12-01-2025,8,136,1123,2,50.9,101.8,16.64
1543,23-01-2024,7,149,1022,3,353.39,1060.17,99.46
1544,28-06-2024,2,150,1092,1,287.2,287.2,49.72
1545,29-02-2024,5,114,1019,2,171.55,343.1,40.61
1546,17-03-2024,6,105,1091,1,204.73,204.73,12.82
1547,10-08-2024,4,119,1150,4,415.02,1660.08,134.79
1548,18-01-2025,5,122,1042,2,490.84,981.68,251.25
1549,04-06-2023,1,100,1164,1,145.03,145.03,39.11
1550,29-07-2023,10,144,1185,2,136.65,273.3,41.27
1551,29-12-2024,7,117,1126,4,231.49,925.96,149.43
1552,13-05-2023,6,100,1002,5,288.85,1444.25,423.28
1553,03-06-2024,4,127,1024,5,21.98,109.9,20.62
1554,18-03-2024,2,102,1046,3,84.63,253.89,54.73
1555,10-05-2024,5,124,1005,3,249.12,747.36,140.61
1556,18-11-2024,3,146,1143,4,175.34,701.36,160.44
1557,19-10-2024,10,104,1077,5,296.01,1480.05,176.46
1558,06-03-2025,3,135,1166,4,322.06,1288.24,117.78
1559,19-09-2024,8,142,1160,1,275.42,275.42,58.53
1560,11-10-2024,4,126,1004,4,164.17,656.68,117.29
1561,04-07-2024,8,105,1097,4,154,616,137.08
1562,10-05-2023,7,130,1075,5,394.73,1973.65,521.06
1563,17-02-2025,9,113,1086,4,286.38,1145.52,147.92
1564,30-01-2025,3,105,1047,3,239.61,718.83,192.7
1565,11-05-2024,7,144,1100,2,312.73,625.46,70.09
1566,08-06-2024,8,142,1104,1,214.77,214.77,61.31
1567,04-04-2025,3,138,1178,5,18.18,90.9,7.21
1568,29-11-2024,7,104,1031,2,439.21,878.42,68.03
1569,19-05-2024,9,137,1017,5,372.16,1860.8,275.88
1570,22-10-2023,9,130,1031,5,308.36,1541.8,336.99
1571,27-07-2024,8,135,1033,5,71.05,355.25,82.17
1572,16-12-2024,9,145,1047,2,52.78,105.56,6.52
1573,23-09-2024,6,109,1193,2,169.77,339.54,95.91
1574,17-12-2024,5,115,1057,5,265.91,1329.55,105.42
1575,31-01-2025,9,144,1063,1,132.61,132.61,13.77
1576,30-11-2023,6,103,1019,4,159.9,639.6,146.96
1577,04-10-2023,9,101,1150,4,215.46,861.84,198.5
1578,17-07-2023,10,116,1183,2,106.01,212.02,23.34
1579,16-12-2023,7,112,1075,3,247.41,742.23,157.18
1580,11-04-2024,6,115,1050,2,311.91,623.82,152.83
1581,19-04-2024,6,147,1106,1,120.68,120.68,30.17
1582,22-09-2023,9,101,1181,2,351.57,703.14,72.09
1583,23-02-2024,10,112,1006,2,153.13,306.26,33.28
1584,20-06-2024,5,133,1009,5,206.06,1030.3,220.23
1585,15-01-2025,3,148,1197,1,445.9,445.9,94.73
1586,26-01-2024,4,113,1189,5,412.09,2060.45,563.87
1587,14-03-2024,7,119,1109,1,325.22,325.22,69.2
1588,07-07-2024,10,110,1119,2,335.92,671.84,166.76
1589,29-10-2024,9,142,1052,4,334.41,1337.64,229.02
1590,23-02-2024,4,122,1173,4,151.75,607,91.32
1591,08-06-2024,3,105,1114,3,484.06,1452.18,238.43
1592,25-07-2024,8,130,1014,5,211.19,1055.95,137.12
1593,15-07-2024,1,117,1052,3,239.68,719.04,67.38
1594,17-07-2023,2,119,1090,3,453.5,1360.5,378.16
1595,28-08-2024,4,143,1071,4,447.88,1791.52,455.15
1596,06-06-2023,6,148,1031,1,379.09,379.09,56.68
1597,08-06-2023,7,100,1131,2,228.87,457.74,104.84
1598,05-06-2024,6,106,1122,1,343.12,343.12,28.19
1599,21-08-2024,1,118,1084,4,313.05,1252.2,304.06
1600,19-10-2023,3,110,1137,5,175.16,875.8,258.73
1601,26-06-2024,1,123,1179,3,29.61,88.83,11.62
1602,15-02-2025,2,115,1024,5,90.18,450.9,132.98
1603,22-06-2023,7,116,1149,3,158.74,476.22,27.76
1604,19-10-2023,9,140,1192,5,311.57,1557.85,401.99
1605,11-04-2024,5,133,1168,4,265.42,1061.68,317.34
1606,16-05-2023,8,108,1070,4,165.69,662.76,193.7
1607,20-12-2023,1,140,1113,3,79.06,237.18,43.58
1608,23-07-2024,5,136,1081,3,458.98,1376.94,383.28
1609,14-02-2025,10,146,1170,5,101.81,509.05,59.15
1610,09-09-2023,9,122,1029,3,476.68,1430.04,88.82
1611,14-09-2023,6,136,1139,3,385.45,1156.35,96.64
1612,10-01-2025,6,138,1075,3,457.6,1372.8,278.1
1613,26-11-2024,9,125,1136,1,353.34,353.34,62.53
1614,11-10-2023,9,106,1045,4,317.11,1268.44,298.69
1615,25-03-2024,5,139,1157,4,186.92,747.68,156.83
1616,01-10-2023,1,138,1134,5,57.29,286.45,82.05
1617,23-02-2024,9,118,1175,3,455.9,1367.7,86.06
1618,20-11-2024,5,139,1124,5,278.02,1390.1,134.39
1619,12-07-2023,4,149,1147,5,171.69,858.45,75.47
1620,18-04-2024,9,119,1113,3,178.43,535.29,39.58
1621,23-05-2024,10,115,1174,5,204.42,1022.1,110.05
1622,04-05-2023,9,149,1008,1,75.54,75.54,13.29
1623,26-02-2025,9,135,1086,1,148.72,148.72,21.97
1624,30-04-2023,1,137,1047,3,68.53,205.59,28.67
1625,09-04-2025,8,126,1078,4,298.61,1194.44,227.1
1626,30-01-2024,3,127,1087,1,428.81,428.81,73.86
1627,04-04-2024,10,119,1036,3,189.85,569.55,157.27
1628,25-09-2024,7,136,1183,3,441.44,1324.32,252.72
1629,21-09-2023,2,104,1024,2,395.27,790.54,226.49
1630,08-09-2023,3,100,1113,1,495.17,495.17,128.13
1631,08-02-2025,2,107,1182,2,96.66,193.32,50.21
1632,26-09-2024,3,139,1127,4,166.37,665.48,160.73
1633,12-09-2023,9,135,1030,1,39.71,39.71,7.29
1634,11-04-2025,1,133,1058,4,307.96,1231.84,112.96
1635,16-07-2024,7,112,1126,5,316.9,1584.5,455.21
1636,11-05-2024,8,117,1084,4,337.58,1350.32,217.04
1637,28-02-2024,5,134,1146,4,410.15,1640.6,290.44
1638,01-09-2023,7,132,1030,1,449.74,449.74,57.99
1639,28-04-2024,9,103,1093,2,41.35,82.7,9.01
1640,07-08-2024,9,107,1014,4,496.22,1984.88,486.18
1641,14-11-2023,4,117,1158,3,488.27,1464.81,227.29
1642,25-12-2023,7,138,1132,2,434.01,868.02,245.02
1643,29-09-2024,4,117,1080,3,127.89,383.67,26.38
1644,05-02-2025,8,112,1060,1,391.45,391.45,40.78
1645,21-12-2023,5,121,1136,1,357.03,357.03,20.05
1646,28-08-2024,1,127,1048,2,292.73,585.46,39.63
1647,24-07-2024,8,133,1198,3,267.87,803.61,217.03
1648,03-03-2024,9,144,1048,1,484.39,484.39,27.2
1649,19-08-2024,1,130,1166,2,356.17,712.34,60.11
1650,17-08-2024,5,139,1176,2,235.81,471.62,36.69
1651,11-09-2023,7,119,1096,5,28.86,144.3,24.23
1652,22-01-2024,1,127,1182,5,98.59,492.95,66.64
1653,12-07-2024,10,109,1157,3,415.44,1246.32,338.87
1654,14-07-2023,9,134,1098,3,314.03,942.09,274.46
1655,08-01-2024,4,118,1163,2,153.7,307.4,66.68
1656,22-05-2023,1,139,1198,2,322.59,645.18,179.1
1657,10-02-2025,8,133,1075,5,63.88,319.4,46.09
1658,26-01-2025,2,132,1153,3,253.6,760.8,114.65
1659,09-12-2023,2,132,1113,4,473.95,1895.8,345.09
1660,06-09-2024,10,114,1053,4,247.85,991.4,159.72
1661,10-06-2024,9,135,1076,1,434.55,434.55,56.16
1662,14-10-2023,9,109,1161,2,96.02,192.04,33.58
1663,18-05-2023,8,146,1095,3,376.89,1130.67,222.8
1664,31-12-2024,9,147,1122,5,123.69,618.45,102.82
1665,18-11-2023,6,142,1181,5,182.87,914.35,87.39
1666,18-07-2023,3,115,1177,5,487.76,2438.8,513.77
1667,02-02-2024,5,141,1133,1,260,260,34.08
1668,19-04-2024,1,111,1128,1,157.14,157.14,46.43
1669,09-01-2024,2,118,1127,4,109,436,58.85
1670,12-10-2023,4,120,1081,4,429.59,1718.36,367.5
1671,09-06-2023,4,136,1120,2,303.18,606.36,146.38
1672,17-04-2024,8,137,1124,1,98.92,98.92,16.66
1673,17-10-2023,5,132,1078,3,442.92,1328.76,390.93
1674,21-07-2024,4,128,1109,1,413.68,413.68,107.97
1675,28-06-2024,2,106,1063,3,361.76,1085.28,316.62
1676,26-01-2024,7,146,1053,5,455.89,2279.45,573.8
1677,09-06-2023,8,107,1077,4,165.64,662.56,65.96
1678,30-05-2024,8,135,1150,2,451.99,903.98,171.72
1679,07-03-2024,10,132,1136,5,345.75,1728.75,428.25
1680,04-03-2024,1,110,1164,1,95.21,95.21,11.12
1681,10-09-2023,5,100,1138,1,219.5,219.5,13.45
1682,28-01-2024,2,107,1178,4,121.79,487.16,30.5
1683,07-09-2023,2,115,1132,1,468.5,468.5,53.93
1684,30-10-2023,8,122,1098,1,299.01,299.01,74.78
1685,07-07-2023,10,137,1164,2,147.43,294.86,71.89
1686,08-10-2024,7,126,1096,5,145.11,725.55,55.95
1687,23-10-2024,8,140,1161,4,284.84,1139.36,60.47
1688,12-01-2024,5,136,1066,2,342.65,685.3,122.41
1689,15-08-2024,9,132,1168,3,42.39,127.17,17.81
1690,09-01-2025,8,128,1076,3,451.32,1353.96,350.52
1691,23-01-2025,7,108,1062,2,203.09,406.18,23.38
1692,12-10-2024,2,120,1196,2,382.27,764.54,111.64
1693,25-02-2024,5,140,1177,4,275.72,1102.88,313.25
1694,28-02-2024,9,126,1021,5,153.77,768.85,206.1
1695,27-09-2023,4,114,1061,5,463.02,2315.1,346.14
1696,28-03-2025,10,114,1013,3,107.95,323.85,82.04
1697,17-09-2023,1,122,1131,5,64.7,323.5,27.33
1698,12-04-2024,5,148,1054,4,364.12,1456.48,359.9
1699,06-01-2025,9,130,1133,2,392,784,176.93
1700,16-05-2024,10,102,1115,2,494.26,988.52,190.24
1701,05-05-2023,6,135,1178,4,343.78,1375.12,157.03
1702,29-01-2024,1,130,1162,5,90.61,453.05,62.09
1703,28-08-2023,3,102,1114,3,332.75,998.25,174.74
1704,29-02-2024,3,115,1114,1,17.6,17.6,1.59
1705,04-01-2024,8,100,1017,2,485.91,971.82,268.9
1706,01-08-2024,10,149,1173,5,354.28,1771.4,95.33
1707,24-03-2025,6,103,1002,1,379.99,379.99,28.65
1708,21-03-2025,8,115,1146,1,88.29,88.29,19
1709,18-02-2024,6,115,1002,2,259.22,518.44,153.53
1710,07-12-2024,6,122,1032,3,360.52,1081.56,240.61
1711,15-02-2025,7,100,1109,2,352.71,705.42,67.03
1712,25-02-2025,8,132,1037,4,352.79,1411.16,73.65
1713,22-03-2024,6,145,1124,1,435.37,435.37,65.97
1714,21-12-2024,5,106,1009,1,468.55,468.55,125.51
1715,28-06-2023,2,125,1095,1,371.95,371.95,30.65
1716,09-11-2024,7,122,1020,2,412.68,825.36,64.62
1717,24-01-2025,10,106,1060,3,173.8,521.4,57.91
1718,15-11-2023,10,138,1012,3,392.49,1177.47,185.62
1719,21-08-2024,7,124,1029,2,398.96,797.92,223.58
1720,08-07-2023,10,107,1154,5,404.31,2021.55,230.56
1721,09-05-2024,1,131,1027,2,105.76,211.52,58.41
1722,19-06-2024,4,125,1073,1,227.86,227.86,28.75
1723,26-12-2024,3,131,1169,4,10.11,40.44,7
1724,13-08-2023,4,136,1046,5,455.71,2278.55,170.68
1725,03-07-2023,3,149,1096,3,203.84,611.52,91.55
1726,05-09-2023,8,130,1036,4,230.78,923.12,215.83
1727,23-03-2024,2,109,1159,4,110.27,441.08,75.82
1728,20-07-2023,3,128,1177,1,301.54,301.54,56.55
1729,31-10-2023,1,140,1118,3,340.09,1020.27,55.41
1730,26-05-2024,5,146,1024,2,438.3,876.6,86.88
1731,15-04-2024,6,137,1168,3,128.92,386.76,85.42
1732,17-01-2024,3,109,1197,4,364.35,1457.4,338.69
1733,27-10-2024,5,111,1001,3,62.57,187.71,30.98
1734,10-09-2024,4,109,1020,1,409.98,409.98,50.97
1735,01-06-2024,2,112,1195,5,53.73,268.65,32.54
1736,24-08-2024,8,143,1094,3,188.17,564.51,162.62
1737,07-12-2023,10,106,1101,3,103.26,309.78,48.4
1738,22-04-2024,1,124,1039,1,10.53,10.53,0.86
1739,13-12-2023,4,134,1046,2,130.43,260.86,38.5
1740,05-12-2024,6,113,1024,5,443.71,2218.55,587.22
1741,12-09-2024,10,133,1028,5,237.5,1187.5,203.43
1742,22-01-2025,1,101,1032,4,29.2,116.8,31.07
1743,09-09-2024,10,106,1117,5,366.66,1833.3,486.32
1744,06-07-2024,2,119,1064,4,204.16,816.64,89.71
1745,04-01-2024,1,138,1137,5,83.77,418.85,58.35
1746,27-08-2023,7,123,1130,5,477.68,2388.4,320.34
1747,01-04-2025,6,140,1182,3,336.21,1008.63,299.32
1748,30-11-2024,5,103,1070,1,479.77,479.77,59.5
1749,11-02-2024,7,142,1131,5,10.82,54.1,9.26
1750,22-01-2024,2,102,1012,2,382.6,765.2,178.41
1751,07-05-2023,6,134,1080,5,202.9,1014.5,209.77
1752,11-03-2025,10,112,1140,1,74.89,74.89,15.47
1753,03-05-2024,10,137,1170,3,56.43,169.29,28.6
1754,10-03-2025,4,139,1043,5,140.03,700.15,159.58
1755,27-04-2023,10,103,1031,4,357.99,1431.96,368.5
1756,28-09-2023,5,118,1197,3,13.05,39.15,9.26
1757,14-12-2024,1,147,1047,4,123.99,495.96,103.69
1758,28-09-2023,10,115,1200,5,311.02,1555.1,360.13
1759,17-05-2024,5,134,1184,3,371.86,1115.58,153.78
1760,31-12-2023,9,144,1109,4,130.09,520.36,91
1761,29-10-2023,5,127,1080,2,262.94,525.88,146.21
1762,02-04-2025,6,142,1021,4,494.52,1978.08,232.97
1763,21-07-2024,9,101,1162,5,495.94,2479.7,279.59
1764,04-11-2023,10,144,1047,1,488.98,488.98,66.98
1765,07-02-2024,8,128,1004,3,366.63,1099.89,202.13
1766,18-05-2024,8,107,1125,3,253.52,760.56,174.42
1767,02-12-2024,6,143,1134,3,431.37,1294.11,210.21
1768,27-06-2024,4,140,1034,3,135.31,405.93,113.45
1769,23-09-2024,9,147,1078,3,477.48,1432.44,183.56
1770,29-04-2023,5,115,1133,1,397.71,397.71,54.12
1771,24-08-2023,1,145,1187,5,456.14,2280.7,554.83
1772,06-03-2025,4,141,1015,5,163.39,816.95,102.72
1773,30-03-2025,10,100,1086,5,421.62,2108.1,244.2
1774,02-11-2023,10,145,1000,3,294.48,883.44,94.95
1775,30-06-2023,7,144,1144,3,137.26,411.78,90.24
1776,18-08-2024,10,108,1188,5,309.68,1548.4,396.26
1777,23-10-2024,10,143,1106,3,155.67,467.01,54.16
1778,12-06-2024,10,106,1150,4,307.95,1231.8,89.77
1779,11-12-2024,7,119,1038,4,31.24,124.96,21.92
1780,12-06-2024,4,115,1056,5,156.72,783.6,68.04
1781,07-04-2025,8,115,1172,1,204.62,204.62,36.94
1782,23-02-2024,8,108,1080,2,160.7,321.4,85.33
1783,07-12-2024,2,122,1017,1,306.95,306.95,24.55
1784,08-04-2024,8,107,1142,5,99.63,498.15,111.66
1785,22-12-2023,9,134,1176,5,92.91,464.55,25.2
1786,29-05-2023,3,103,1039,3,133.62,400.86,102.6
1787,08-09-2024,7,113,1015,1,282.95,282.95,43.31
1788,27-03-2024,3,141,1156,3,389.97,1169.91,349.18
1789,24-03-2025,5,119,1104,2,260.76,521.52,33.42
1790,18-10-2023,6,136,1059,5,271.71,1358.55,141.79
1791,13-05-2023,7,110,1079,4,439.26,1757.04,369.04
1792,04-09-2023,1,136,1117,4,319.02,1276.08,314.94
1793,16-08-2023,2,105,1019,1,135.33,135.33,16.83
1794,13-06-2024,9,100,1144,5,485.39,2426.95,638.03
1795,16-05-2024,6,145,1200,3,83.65,250.95,23.2
1796,06-05-2024,3,136,1093,1,250.74,250.74,55.56
1797,07-01-2024,3,114,1023,1,188.84,188.84,48.63
1798,16-04-2023,1,105,1174,5,53.04,265.2,14.08
1799,29-10-2024,8,101,1109,1,22.03,22.03,4.92
1800,19-03-2024,10,112,1044,1,430.52,430.52,86.69
1801,06-06-2024,2,134,1117,5,344.23,1721.15,164.7
1802,04-07-2024,3,130,1096,3,342.62,1027.86,201.64
1803,19-08-2024,4,104,1190,1,464.49,464.49,113.74
1804,12-01-2024,6,127,1116,5,482.5,2412.5,192.75
1805,27-05-2023,3,148,1167,2,339.33,678.66,179.97
1806,10-08-2024,3,137,1022,1,267.78,267.78,50.08
1807,11-11-2024,8,121,1024,3,255.78,767.34,221.55
1808,15-09-2024,7,146,1153,5,394.41,1972.05,232.14
1809,04-11-2024,1,100,1105,2,402.6,805.2,54.66
1810,27-07-2024,9,149,1183,3,455.37,1366.11,337.13
1811,04-01-2024,7,106,1018,5,63.73,318.65,20.96
1812,27-02-2025,10,105,1105,5,257.27,1286.35,154.96
1813,28-04-2024,10,129,1030,5,82.85,414.25,61.15
1814,24-08-2023,10,113,1059,3,92.53,277.59,39.12
1815,23-08-2023,3,106,1141,4,456.31,1825.24,402.86
1816,06-05-2024,9,127,1012,3,217.9,653.7,55.48
1817,27-12-2023,8,121,1034,2,314.51,629.02,107.76
1818,12-03-2025,4,132,1189,3,140.38,421.14,65.55
1819,08-10-2023,5,138,1154,2,156.32,312.64,24.89
1820,13-02-2025,9,129,1066,2,74.99,149.98,36.4
1821,31-12-2023,7,104,1132,5,102.55,512.75,91.58
1822,26-11-2023,10,119,1064,1,212,212,36.03
1823,10-03-2025,10,137,1146,1,332.8,332.8,67.11
1824,13-05-2023,1,148,1185,5,192.08,960.4,80.76
1825,28-07-2023,4,116,1177,5,217.25,1086.25,237.56
1826,10-05-2023,7,148,1133,4,341.01,1364.04,225.13
1827,04-02-2024,3,106,1026,1,256.97,256.97,51.58
1828,02-03-2024,10,117,1117,3,142.89,428.67,57.68
1829,21-06-2024,7,145,1010,3,239.82,719.46,204.14
1830,26-04-2023,3,103,1012,4,427.93,1711.72,290.19
1831,31-07-2023,7,134,1052,1,388.38,388.38,45.71
1832,25-11-2024,2,132,1134,4,68.91,275.64,18.56
1833,05-12-2023,2,109,1020,5,372.88,1864.4,440.75
1834,28-06-2024,7,129,1015,5,486.28,2431.4,377.21
1835,31-08-2024,3,128,1120,1,216.8,216.8,28.31
1836,15-12-2023,8,143,1125,1,170.98,170.98,10.23
1837,16-11-2023,6,141,1105,4,86.59,346.36,95.42
1838,19-06-2024,5,119,1143,4,174.31,697.24,61.98
1839,23-04-2024,10,130,1006,5,418.85,2094.25,226.43
1840,02-10-2024,3,142,1197,2,465.54,931.08,81.32
1841,12-08-2024,4,105,1097,2,253.23,506.46,107.92
1842,17-08-2023,7,141,1175,5,37.33,186.65,15.7
1843,13-05-2023,3,127,1168,1,260.92,260.92,55.24
1844,30-03-2024,5,127,1088,1,45.28,45.28,6.9
1845,16-01-2024,9,127,1126,5,224.58,1122.9,87.72
1846,10-04-2024,10,147,1049,4,108.81,435.24,83.37
1847,30-06-2024,3,144,1119,3,224.14,672.42,87.19
1848,03-07-2023,6,125,1084,1,199.42,199.42,24.1
1849,14-05-2023,6,134,1182,2,377.93,755.86,44.34
1850,23-04-2023,4,146,1058,5,194.63,973.15,75.93
1851,21-08-2024,7,135,1125,4,108.08,432.32,124.81
1852,03-02-2024,7,101,1151,2,12.63,25.26,3.15
1853,20-04-2023,10,101,1162,3,315.16,945.48,67.47
1854,08-12-2023,7,102,1116,4,279.62,1118.48,266.85
1855,22-07-2023,9,104,1145,1,390.68,390.68,105.59
1856,12-02-2024,9,118,1164,2,295.78,591.56,157.41
1857,13-04-2024,8,131,1062,3,463.84,1391.52,256.03
1858,09-09-2023,1,130,1188,3,404.99,1214.97,326.73
1859,29-09-2024,2,113,1144,1,457.29,457.29,45.84
1860,24-12-2024,1,150,1000,4,74.7,298.8,55.51
1861,30-06-2023,3,126,1057,2,335.63,671.26,126.41
1862,05-08-2023,10,147,1151,3,417.34,1252.02,234.66
1863,16-05-2024,3,123,1110,4,20.73,82.92,20.85
1864,07-08-2024,1,148,1020,5,54.92,274.6,68.64
1865,14-06-2024,2,116,1054,3,351.19,1053.57,212.15
1866,25-11-2023,1,116,1035,3,464.1,1392.3,303.28
1867,10-01-2025,4,122,1190,4,488.14,1952.56,234.16
1868,20-07-2023,6,137,1043,1,277.41,277.41,51.43
1869,20-11-2024,2,138,1181,1,485.46,485.46,115.88
1870,10-04-2024,6,150,1047,1,458.87,458.87,113.09
1871,02-05-2024,7,105,1031,3,427.68,1283.04,353.27
1872,30-09-2023,2,119,1177,5,218.43,1092.15,62.61
1873,02-05-2023,4,128,1022,1,81.6,81.6,11.36
1874,25-11-2023,10,146,1094,1,374.3,374.3,82.66
1875,16-09-2024,5,132,1121,1,274.76,274.76,31.53
1876,24-01-2025,6,118,1000,1,169.45,169.45,25.99
1877,18-09-2023,8,124,1152,1,390.81,390.81,99.35
1878,19-10-2023,7,118,1155,1,143.96,143.96,16.56
1879,30-05-2024,10,120,1122,1,430.03,430.03,117.02
1880,14-08-2024,10,139,1054,3,178.72,536.16,107.42
1881,16-07-2023,10,146,1065,4,295.83,1183.32,196.02
1882,31-03-2024,2,132,1058,5,231.92,1159.6,139.29
1883,09-05-2024,1,139,1012,4,453.3,1813.2,263.06
1884,13-05-2023,3,103,1025,3,216.97,650.91,186.7
1885,21-01-2025,5,111,1050,1,106.6,106.6,23.07
1886,09-11-2023,1,103,1135,2,476.93,953.86,252.76
1887,13-12-2023,3,115,1118,4,157.87,631.48,151.86
1888,03-01-2025,9,143,1082,4,271.65,1086.6,255.97
1889,10-04-2025,5,111,1176,4,240.07,960.28,52.58
1890,08-05-2023,5,144,1027,2,380.07,760.14,41.49
1891,11-08-2024,7,108,1158,2,482.61,965.22,252.57
1892,29-09-2023,10,108,1022,5,154.77,773.85,138.66
1893,13-06-2023,2,132,1083,5,153.14,765.7,209.19
1894,19-07-2024,10,102,1133,1,489.33,489.33,61.93
1895,06-09-2023,5,103,1016,3,167.32,501.96,130.24
1896,20-10-2023,7,147,1086,2,163.56,327.12,96.97
1897,13-07-2023,7,101,1152,3,154.01,462.03,78.52
1898,01-02-2024,3,107,1157,2,395.97,791.94,42.4
1899,29-07-2024,9,103,1151,2,452.3,904.6,194.58
1900,16-01-2025,6,144,1190,2,407.51,815.02,210.28
1901,29-07-2023,2,108,1000,2,442.2,884.4,76.19
1902,01-04-2025,2,110,1127,5,282.41,1412.05,414.67
1903,27-06-2024,10,136,1006,2,422.06,844.12,148.93
1904,11-07-2023,7,143,1009,4,163.27,653.08,79.44
1905,09-12-2023,1,111,1113,5,136.26,681.3,93.61
1906,15-11-2023,5,150,1013,1,216.67,216.67,57.37
1907,01-09-2023,6,137,1137,2,401.6,803.2,150.45
1908,29-07-2023,8,141,1177,5,323.16,1615.8,322.47
1909,02-12-2023,9,150,1157,5,370.39,1851.95,235.8
1910,09-12-2024,7,127,1156,1,193.59,193.59,56
1911,10-11-2024,1,124,1059,4,76.6,306.4,56.68
1912,16-08-2023,9,110,1080,2,347.78,695.56,64.74
1913,31-05-2023,3,140,1075,1,87.94,87.94,12.21
1914,16-09-2024,3,103,1157,5,472.84,2364.2,290.93
1915,17-05-2024,5,150,1173,1,320.82,320.82,69.87
1916,03-06-2023,7,126,1145,2,332.77,665.54,184.6
1917,04-12-2023,4,104,1150,1,219.21,219.21,49.28
1918,05-09-2023,6,128,1097,3,472.71,1418.13,223.86
1919,28-04-2023,8,121,1009,5,118.05,590.25,111.19
1920,06-11-2023,9,141,1014,3,408.69,1226.07,187.64
1921,23-09-2024,7,127,1000,3,37.37,112.11,6.2
1922,29-10-2024,9,141,1194,4,162.09,648.36,189.29
1923,27-11-2024,8,125,1119,3,325.35,976.05,197.35
1924,12-04-2025,1,145,1193,4,426.41,1705.64,140.09
1925,23-06-2024,3,144,1113,4,150.47,601.88,118.17
1926,12-04-2024,1,145,1093,2,294.97,589.94,131.66
1927,15-04-2024,6,149,1104,3,202.58,607.74,35.33
1928,06-10-2023,2,113,1087,1,362.75,362.75,30.11
1929,12-04-2025,10,112,1167,2,368.13,736.26,172.68
1930,13-07-2023,9,150,1108,2,241.13,482.26,118.74
1931,27-03-2024,1,114,1183,3,274.42,823.26,69.46
1932,22-07-2024,9,148,1011,2,147.08,294.16,20.49
1933,02-03-2024,10,143,1188,4,416.39,1665.56,285.53
1934,19-04-2023,8,134,1169,3,489.11,1467.33,245.52
1935,29-06-2024,2,117,1000,1,16.02,16.02,4.51
1936,03-09-2023,9,122,1125,5,179.33,896.65,145.49
1937,19-06-2024,4,144,1072,2,355.41,710.82,96.96
1938,05-02-2024,3,101,1128,1,256.67,256.67,58.41
1939,01-08-2023,9,139,1135,5,424.84,2124.2,398.41
1940,14-08-2024,5,118,1084,4,402.99,1611.96,413.95
1941,06-12-2023,10,126,1025,5,203.79,1018.95,283.66
1942,29-06-2023,10,141,1127,4,342.06,1368.24,100.4
1943,02-04-2025,8,118,1100,1,470.05,470.05,27.89
1944,01-04-2024,1,117,1106,5,273.14,1365.7,95.31
1945,24-03-2025,2,135,1154,3,106.81,320.43,45.31
1946,04-01-2024,5,112,1023,3,462.26,1386.78,77.96
1947,07-01-2025,2,138,1155,1,213.09,213.09,39.26
1948,12-01-2024,7,146,1167,4,409.43,1637.72,391.88
1949,07-09-2023,7,115,1058,3,159.51,478.53,69.69
1950,04-01-2024,5,120,1129,4,190.64,762.56,202.2
1951,27-09-2024,1,105,1039,3,338.69,1016.07,97.36
1952,15-11-2024,6,117,1011,5,178.08,890.4,80.13
1953,16-08-2023,7,144,1170,3,332.14,996.42,214.38
1954,10-07-2023,3,105,1003,4,454.31,1817.24,300.25
1955,19-08-2023,8,107,1024,5,45.16,225.8,40.51
1956,07-03-2025,8,135,1039,3,453.55,1360.65,342.89
1957,01-01-2025,7,108,1185,1,487.45,487.45,91.27
1958,15-01-2025,2,121,1031,5,256.23,1281.15,279.9
1959,27-09-2023,3,120,1023,2,480.5,961,256.29
1960,05-10-2024,3,116,1145,5,410.43,2052.15,314.6
1961,29-03-2024,10,113,1018,1,297.65,297.65,18.5
1962,22-02-2024,8,113,1061,2,334.31,668.62,104.88
1963,11-06-2024,6,112,1053,3,201.27,603.81,33.16
1964,10-10-2024,9,127,1150,3,65.5,196.5,28.75
1965,08-11-2024,1,139,1127,5,262.47,1312.35,234.67
1966,03-03-2024,4,148,1163,3,446.81,1340.43,371.34
1967,08-10-2023,5,150,1161,5,271.45,1357.25,396.17
1968,01-07-2023,7,121,1091,3,491.43,1474.29,321.1
1969,06-07-2023,4,135,1077,4,405.36,1621.44,328.22
1970,25-05-2024,6,100,1001,4,351.16,1404.64,372.48
1971,09-06-2024,3,131,1197,3,95.4,286.2,24.19
1972,30-10-2024,5,135,1113,5,82.82,414.1,22.83
1973,25-07-2023,5,132,1157,2,412.64,825.28,193.44
1974,03-03-2025,5,103,1040,3,340.78,1022.34,242.03
1975,07-11-2024,8,110,1070,5,422.18,2110.9,601.63
1976,01-09-2024,8,111,1101,5,412.52,2062.6,254.2
1977,09-04-2024,1,139,1079,1,459.75,459.75,121.37
1978,13-10-2023,5,144,1149,3,262.61,787.83,63.97
1979,27-08-2023,8,132,1041,1,494.08,494.08,28
1980,15-11-2023,1,106,1133,4,52.56,210.24,28.28
1981,07-06-2024,7,140,1154,3,471.31,1413.93,120.27
1982,13-02-2024,9,124,1035,5,441.92,2209.6,245.64
1983,09-01-2025,8,103,1041,2,95.63,191.26,13.09
1984,20-10-2024,9,110,1036,4,254.18,1016.72,120.27
1985,19-06-2023,7,123,1043,1,113.96,113.96,27.84
1986,26-03-2025,10,113,1187,5,125.47,627.35,158.77
1987,29-04-2024,1,130,1167,2,109.91,219.82,64.07
1988,06-09-2023,3,118,1063,5,366.31,1831.55,511.88
1989,07-08-2023,5,131,1079,2,255.96,511.92,70.67
1990,18-02-2025,8,101,1162,1,309.05,309.05,81.2
1991,21-12-2024,2,123,1064,2,448.21,896.42,117.92
1992,10-01-2025,10,119,1007,4,56.23,224.92,25.23
1993,27-11-2024,8,122,1059,2,109.18,218.36,18.39
1994,17-06-2023,4,123,1073,1,314.57,314.57,26.32
1995,19-12-2024,8,147,1140,1,242.14,242.14,42.12
1996,05-06-2023,6,139,1064,4,394.33,1577.32,334.88
1997,16-09-2024,10,104,1050,3,187.36,562.08,109.42
1998,02-08-2023,2,133,1144,2,334.95,669.9,195.86
1999,05-11-2024,10,131,1057,1,480.94,480.94,36.18
2000,23-05-2023,10,112,1013,2,119.4,238.8,60.4
